[2m12:22:33[22m [31m[1m[vite][22m[39m [31mws proxy socket error:[39m
Error: write ECONNABORTED
    at afterWriteDispatched (node:internal/stream_base_commons:161:15)
    at writeGeneric (node:internal/stream_base_commons:152:3)
    at Socket._writeGeneric (node:net:958:11)
    at Socket._write (node:net:970:8)
    at writeOrBuffer (node:internal/streams/writable:572:12)
    at _write (node:internal/streams/writable:501:10)
    at Writable.write (node:internal/streams/writable:510:10)
    at Socket.ondata (node:internal/streams/readable:1009:22)
    at Socket.emit (node:events:524:28)
    at addChunk (node:internal/streams/readable:561:12)
    at readableAddChunkPushByteMode (node:internal/streams/readable:512:3)
    at Readable.push (node:internal/streams/readable:392:5)
    at TCP.onStreamRead (node:internal/stream_base_commons:191:23)
[2m12:22:38[22m [31m[1m[vite][22m[39m [31mws proxy socket error:[39m
Error: write ECONNABORTED
    at afterWriteDispatched (node:internal/stream_base_commons:161:15)
    at writeGeneric (node:internal/stream_base_commons:152:3)
    at Socket._writeGeneric (node:net:958:11)
    at Socket._write (node:net:970:8)
    at writeOrBuffer (node:internal/streams/writable:572:12)
    at _write (node:internal/streams/writable:501:10)
    at Writable.write (node:internal/streams/writable:510:10)
    at Socket.ondata (node:internal/streams/readable:1009:22)
    at Socket.emit (node:events:524:28)
    at addChunk (node:internal/streams/readable:561:12)
    at readableAddChunkPushByteMode (node:internal/streams/readable:512:3)
    at Readable.push (node:internal/streams/readable:392:5)
    at TCP.onStreamRead (node:internal/stream_base_commons:191:23)
[2m12:23:59[22m [31m[1m[vite][22m[39m [31mws proxy socket error:[39m
Error: write ECONNABORTED
    at afterWriteDispatched (node:internal/stream_base_commons:161:15)
    at writeGeneric (node:internal/stream_base_commons:152:3)
    at Socket._writeGeneric (node:net:958:11)
    at Socket._write (node:net:970:8)
    at writeOrBuffer (node:internal/streams/writable:572:12)
    at _write (node:internal/streams/writable:501:10)
    at Writable.write (node:internal/streams/writable:510:10)
    at Socket.ondata (node:internal/streams/readable:1009:22)
    at Socket.emit (node:events:524:28)
    at addChunk (node:internal/streams/readable:561:12)
    at readableAddChunkPushByteMode (node:internal/streams/readable:512:3)
    at Readable.push (node:internal/streams/readable:392:5)
    at TCP.onStreamRead (node:internal/stream_base_commons:191:23)
[2m12:26:00[22m [31m[1m[vite][22m[39m [31mws proxy socket error:[39m
Error: read ECONNRESET
    at TCP.onStreamRead (node:internal/stream_base_commons:218:20)
[2m12:26:00[22m [31m[1m[vite][22m[39m [31mws proxy socket error:[39m
Error: read ECONNRESET
    at TCP.onStreamRead (node:internal/stream_base_commons:218:20)
[2m12:26:00[22m [31m[1m[vite][22m[39m [31mws proxy socket error:[39m
Error: write ECONNABORTED
    at afterWriteDispatched (node:internal/stream_base_commons:161:15)
    at writeGeneric (node:internal/stream_base_commons:152:3)
    at Socket._writeGeneric (node:net:958:11)
    at Socket._write (node:net:970:8)
    at writeOrBuffer (node:internal/streams/writable:572:12)
    at _write (node:internal/streams/writable:501:10)
    at Writable.write (node:internal/streams/writable:510:10)
    at Socket.ondata (node:internal/streams/readable:1009:22)
    at Socket.emit (node:events:524:28)
    at addChunk (node:internal/streams/readable:561:12)
    at readableAddChunkPushByteMode (node:internal/streams/readable:512:3)
    at Readable.push (node:internal/streams/readable:392:5)
    at TCP.onStreamRead (node:internal/stream_base_commons:191:23)
[2m12:26:00[22m [31m[1m[vite][22m[39m [31mws proxy socket error:[39m
Error: write ECONNABORTED
    at afterWriteDispatched (node:internal/stream_base_commons:161:15)
    at writeGeneric (node:internal/stream_base_commons:152:3)
    at Socket._writeGeneric (node:net:958:11)
    at Socket._write (node:net:970:8)
    at writeOrBuffer (node:internal/streams/writable:572:12)
    at _write (node:internal/streams/writable:501:10)
    at Writable.write (node:internal/streams/writable:510:10)
    at Socket.ondata (node:internal/streams/readable:1009:22)
    at Socket.emit (node:events:524:28)
    at addChunk (node:internal/streams/readable:561:12)
    at readableAddChunkPushByteMode (node:internal/streams/readable:512:3)
    at Readable.push (node:internal/streams/readable:392:5)
    at TCP.onStreamRead (node:internal/stream_base_commons:191:23)
[2m12:26:00[22m [31m[1m[vite][22m[39m [31mws proxy socket error:[39m
Error: write ECONNABORTED
    at afterWriteDispatched (node:internal/stream_base_commons:161:15)
    at writeGeneric (node:internal/stream_base_commons:152:3)
    at Socket._writeGeneric (node:net:958:11)
    at Socket._write (node:net:970:8)
    at writeOrBuffer (node:internal/streams/writable:572:12)
    at _write (node:internal/streams/writable:501:10)
    at Writable.write (node:internal/streams/writable:510:10)
    at Socket.ondata (node:internal/streams/readable:1009:22)
    at Socket.emit (node:events:524:28)
    at addChunk (node:internal/streams/readable:561:12)
    at readableAddChunkPushByteMode (node:internal/streams/readable:512:3)
    at Readable.push (node:internal/streams/readable:392:5)
    at TCP.onStreamRead (node:internal/stream_base_commons:191:23)
[2m12:26:00[22m [31m[1m[vite][22m[39m [31mws proxy socket error:[39m
Error: write ECONNABORTED
    at afterWriteDispatched (node:internal/stream_base_commons:161:15)
    at writeGeneric (node:internal/stream_base_commons:152:3)
    at Socket._writeGeneric (node:net:958:11)
    at Socket._write (node:net:970:8)
    at writeOrBuffer (node:internal/streams/writable:572:12)
    at _write (node:internal/streams/writable:501:10)
    at Writable.write (node:internal/streams/writable:510:10)
    at Socket.ondata (node:internal/streams/readable:1009:22)
    at Socket.emit (node:events:524:28)
    at addChunk (node:internal/streams/readable:561:12)
    at readableAddChunkPushByteMode (node:internal/streams/readable:512:3)
    at Readable.push (node:internal/streams/readable:392:5)
    at TCP.onStreamRead (node:internal/stream_base_commons:191:23)
[2m12:26:00[22m [31m[1m[vite][22m[39m [31mws proxy socket error:[39m
Error: write ECONNABORTED
    at afterWriteDispatched (node:internal/stream_base_commons:161:15)
    at writeGeneric (node:internal/stream_base_commons:152:3)
    at Socket._writeGeneric (node:net:958:11)
    at Socket._write (node:net:970:8)
    at writeOrBuffer (node:internal/streams/writable:572:12)
    at _write (node:internal/streams/writable:501:10)
    at Writable.write (node:internal/streams/writable:510:10)
    at Socket.ondata (node:internal/streams/readable:1009:22)
    at Socket.emit (node:events:524:28)
    at addChunk (node:internal/streams/readable:561:12)
    at readableAddChunkPushByteMode (node:internal/streams/readable:512:3)
    at Readable.push (node:internal/streams/readable:392:5)
    at TCP.onStreamRead (node:internal/stream_base_commons:191:23)
[2m12:26:00[22m [31m[1m[vite][22m[39m [31mws proxy socket error:[39m
Error: write ECONNABORTED
    at afterWriteDispatched (node:internal/stream_base_commons:161:15)
    at writeGeneric (node:internal/stream_base_commons:152:3)
    at Socket._writeGeneric (node:net:958:11)
    at Socket._write (node:net:970:8)
    at writeOrBuffer (node:internal/streams/writable:572:12)
    at _write (node:internal/streams/writable:501:10)
    at Writable.write (node:internal/streams/writable:510:10)
    at Socket.ondata (node:internal/streams/readable:1009:22)
    at Socket.emit (node:events:524:28)
    at addChunk (node:internal/streams/readable:561:12)
    at readableAddChunkPushByteMode (node:internal/streams/readable:512:3)
    at Readable.push (node:internal/streams/readable:392:5)
    at TCP.onStreamRead (node:internal/stream_base_commons:191:23)
[2m12:26:00[22m [31m[1m[vite][22m[39m [31mws proxy socket error:[39m
Error: write ECONNABORTED
    at afterWriteDispatched (node:internal/stream_base_commons:161:15)
    at writeGeneric (node:internal/stream_base_commons:152:3)
    at Socket._writeGeneric (node:net:958:11)
    at Socket._write (node:net:970:8)
    at writeOrBuffer (node:internal/streams/writable:572:12)
    at _write (node:internal/streams/writable:501:10)
    at Writable.write (node:internal/streams/writable:510:10)
    at Socket.ondata (node:internal/streams/readable:1009:22)
    at Socket.emit (node:events:524:28)
    at addChunk (node:internal/streams/readable:561:12)
    at readableAddChunkPushByteMode (node:internal/streams/readable:512:3)
    at Readable.push (node:internal/streams/readable:392:5)
    at TCP.onStreamRead (node:internal/stream_base_commons:191:23)
[2m12:26:00[22m [31m[1m[vite][22m[39m [31mws proxy socket error:[39m
Error: write ECONNABORTED
    at afterWriteDispatched (node:internal/stream_base_commons:161:15)
    at writeGeneric (node:internal/stream_base_commons:152:3)
    at Socket._writeGeneric (node:net:958:11)
    at Socket._write (node:net:970:8)
    at writeOrBuffer (node:internal/streams/writable:572:12)
    at _write (node:internal/streams/writable:501:10)
    at Writable.write (node:internal/streams/writable:510:10)
    at Socket.ondata (node:internal/streams/readable:1009:22)
    at Socket.emit (node:events:524:28)
    at addChunk (node:internal/streams/readable:561:12)
    at readableAddChunkPushByteMode (node:internal/streams/readable:512:3)
    at Readable.push (node:internal/streams/readable:392:5)
    at TCP.onStreamRead (node:internal/stream_base_commons:191:23)
[2m12:26:58[22m [31m[1m[vite][22m[39m [31mws proxy socket error:[39m
Error: write ECONNABORTED
    at afterWriteDispatched (node:internal/stream_base_commons:161:15)
    at writeGeneric (node:internal/stream_base_commons:152:3)
    at Socket._writeGeneric (node:net:958:11)
    at Socket._write (node:net:970:8)
    at writeOrBuffer (node:internal/streams/writable:572:12)
    at _write (node:internal/streams/writable:501:10)
    at Writable.write (node:internal/streams/writable:510:10)
    at Socket.ondata (node:internal/streams/readable:1009:22)
    at Socket.emit (node:events:524:28)
    at addChunk (node:internal/streams/readable:561:12)
    at readableAddChunkPushByteMode (node:internal/streams/readable:512:3)
    at Readable.push (node:internal/streams/readable:392:5)
    at TCP.onStreamRead (node:internal/stream_base_commons:191:23)
[2m12:27:36[22m [31m[1m[vite][22m[39m [31mws proxy socket error:[39m
Error: write ECONNABORTED
    at afterWriteDispatched (node:internal/stream_base_commons:161:15)
    at writeGeneric (node:internal/stream_base_commons:152:3)
    at Socket._writeGeneric (node:net:958:11)
    at Socket._write (node:net:970:8)
    at writeOrBuffer (node:internal/streams/writable:572:12)
    at _write (node:internal/streams/writable:501:10)
    at Writable.write (node:internal/streams/writable:510:10)
    at Socket.ondata (node:internal/streams/readable:1009:22)
    at Socket.emit (node:events:524:28)
    at addChunk (node:internal/streams/readable:561:12)
    at readableAddChunkPushByteMode (node:internal/streams/readable:512:3)
    at Readable.push (node:internal/streams/readable:392:5)
    at TCP.onStreamRead (node:internal/stream_base_commons:191:23)
[2m12:28:42[22m [31m[1m[vite][22m[39m [31mws proxy socket error:[39m
Error: write ECONNABORTED
    at afterWriteDispatched (node:internal/stream_base_commons:161:15)
    at writeGeneric (node:internal/stream_base_commons:152:3)
    at Socket._writeGeneric (node:net:958:11)
    at Socket._write (node:net:970:8)
    at writeOrBuffer (node:internal/streams/writable:572:12)
    at _write (node:internal/streams/writable:501:10)
    at Writable.write (node:internal/streams/writable:510:10)
    at Socket.ondata (node:internal/streams/readable:1009:22)
    at Socket.emit (node:events:524:28)
    at addChunk (node:internal/streams/readable:561:12)
    at readableAddChunkPushByteMode (node:internal/streams/readable:512:3)
    at Readable.push (node:internal/streams/readable:392:5)
    at TCP.onStreamRead (node:internal/stream_base_commons:191:23)
[2m12:28:45[22m [31m[1m[vite][22m[39m [31mws proxy socket error:[39m
Error: write ECONNABORTED
    at afterWriteDispatched (node:internal/stream_base_commons:161:15)
    at writeGeneric (node:internal/stream_base_commons:152:3)
    at Socket._writeGeneric (node:net:958:11)
    at Socket._write (node:net:970:8)
    at writeOrBuffer (node:internal/streams/writable:572:12)
    at _write (node:internal/streams/writable:501:10)
    at Writable.write (node:internal/streams/writable:510:10)
    at Socket.ondata (node:internal/streams/readable:1009:22)
    at Socket.emit (node:events:524:28)
    at addChunk (node:internal/streams/readable:561:12)
    at readableAddChunkPushByteMode (node:internal/streams/readable:512:3)
    at Readable.push (node:internal/streams/readable:392:5)
    at TCP.onStreamRead (node:internal/stream_base_commons:191:23)
[2m12:29:00[22m [31m[1m[vite][22m[39m [31mws proxy socket error:[39m
Error: write ECONNABORTED
    at afterWriteDispatched (node:internal/stream_base_commons:161:15)
    at writeGeneric (node:internal/stream_base_commons:152:3)
    at Socket._writeGeneric (node:net:958:11)
    at Socket._write (node:net:970:8)
    at writeOrBuffer (node:internal/streams/writable:572:12)
    at _write (node:internal/streams/writable:501:10)
    at Writable.write (node:internal/streams/writable:510:10)
    at Socket.ondata (node:internal/streams/readable:1009:22)
    at Socket.emit (node:events:524:28)
    at addChunk (node:internal/streams/readable:561:12)
    at readableAddChunkPushByteMode (node:internal/streams/readable:512:3)
    at Readable.push (node:internal/streams/readable:392:5)
    at TCP.onStreamRead (node:internal/stream_base_commons:191:23)
[2m12:33:16[22m [31m[1m[vite][22m[39m [31mws proxy socket error:[39m
Error: write ECONNABORTED
    at afterWriteDispatched (node:internal/stream_base_commons:161:15)
    at writeGeneric (node:internal/stream_base_commons:152:3)
    at Socket._writeGeneric (node:net:958:11)
    at Socket._write (node:net:970:8)
    at writeOrBuffer (node:internal/streams/writable:572:12)
    at _write (node:internal/streams/writable:501:10)
    at Writable.write (node:internal/streams/writable:510:10)
    at Socket.ondata (node:internal/streams/readable:1009:22)
    at Socket.emit (node:events:524:28)
    at addChunk (node:internal/streams/readable:561:12)
    at readableAddChunkPushByteMode (node:internal/streams/readable:512:3)
    at Readable.push (node:internal/streams/readable:392:5)
    at TCP.onStreamRead (node:internal/stream_base_commons:191:23)
[2m12:33:27[22m [31m[1m[vite][22m[39m [31mws proxy socket error:[39m
Error: write ECONNABORTED
    at afterWriteDispatched (node:internal/stream_base_commons:161:15)
    at writeGeneric (node:internal/stream_base_commons:152:3)
    at Socket._writeGeneric (node:net:958:11)
    at Socket._write (node:net:970:8)
    at writeOrBuffer (node:internal/streams/writable:572:12)
    at _write (node:internal/streams/writable:501:10)
    at Writable.write (node:internal/streams/writable:510:10)
    at Socket.ondata (node:internal/streams/readable:1009:22)
    at Socket.emit (node:events:524:28)
    at addChunk (node:internal/streams/readable:561:12)
    at readableAddChunkPushByteMode (node:internal/streams/readable:512:3)
    at Readable.push (node:internal/streams/readable:392:5)
    at TCP.onStreamRead (node:internal/stream_base_commons:191:23)
[2m12:33:28[22m [31m[1m[vite][22m[39m [31mws proxy error:[39m
Error: read ECONNRESET
    at TCP.onStreamRead (node:internal/stream_base_commons:218:20)
[2m12:33:28[22m [31m[1m[vite][22m[39m [31mws proxy error:[39m
Error: read ECONNRESET
    at TCP.onStreamRead (node:internal/stream_base_commons:218:20)
[2m12:33:28[22m [31m[1m[vite][22m[39m [31mws proxy error:[39m
Error: read ECONNRESET
    at TCP.onStreamRead (node:internal/stream_base_commons:218:20)
[2m12:33:28[22m [31m[1m[vite][22m[39m [31mws proxy error:[39m
Error: read ECONNRESET
    at TCP.onStreamRead (node:internal/stream_base_commons:218:20)
[2m12:33:28[22m [31m[1m[vite][22m[39m [31mws proxy error:[39m
Error: read ECONNRESET
    at TCP.onStreamRead (node:internal/stream_base_commons:218:20)
[2m12:33:28[22m [31m[1m[vite][22m[39m [31mws proxy error:[39m
Error: read ECONNRESET
    at TCP.onStreamRead (node:internal/stream_base_commons:218:20)
[2m12:33:28[22m [31m[1m[vite][22m[39m [31mws proxy error:[39m
Error: read ECONNRESET
    at TCP.onStreamRead (node:internal/stream_base_commons:218:20)
[2m12:33:28[22m [31m[1m[vite][22m[39m [31mws proxy error:[39m
Error: read ECONNRESET
    at TCP.onStreamRead (node:internal/stream_base_commons:218:20)
[2m12:33:28[22m [31m[1m[vite][22m[39m [31mws proxy error:[39m
Error: read ECONNRESET
    at TCP.onStreamRead (node:internal/stream_base_commons:218:20)
[2m12:33:28[22m [31m[1m[vite][22m[39m [31mws proxy error:[39m
Error: read ECONNRESET
    at TCP.onStreamRead (node:internal/stream_base_commons:218:20)
[2m12:33:28[22m [31m[1m[vite][22m[39m [31mws proxy error:[39m
Error: read ECONNRESET
    at TCP.onStreamRead (node:internal/stream_base_commons:218:20)
[2m12:33:28[22m [31m[1m[vite][22m[39m [31mws proxy error:[39m
Error: read ECONNRESET
    at TCP.onStreamRead (node:internal/stream_base_commons:218:20)
[2m12:33:28[22m [31m[1m[vite][22m[39m [31mws proxy error:[39m
Error: read ECONNRESET
    at TCP.onStreamRead (node:internal/stream_base_commons:218:20)
[2m12:33:28[22m [31m[1m[vite][22m[39m [31mws proxy error:[39m
Error: read ECONNRESET
    at TCP.onStreamRead (node:internal/stream_base_commons:218:20)
[2m12:33:28[22m [31m[1m[vite][22m[39m [31mws proxy error:[39m
Error: read ECONNRESET
    at TCP.onStreamRead (node:internal/stream_base_commons:218:20)
[2m12:33:28[22m [31m[1m[vite][22m[39m [31mws proxy error:[39m
Error: read ECONNRESET
    at TCP.onStreamRead (node:internal/stream_base_commons:218:20)
[2m12:33:28[22m [31m[1m[vite][22m[39m [31mws proxy error:[39m
Error: read ECONNRESET
    at TCP.onStreamRead (node:internal/stream_base_commons:218:20)
[2m12:33:28[22m [31m[1m[vite][22m[39m [31mws proxy error:[39m
Error: read ECONNRESET
    at TCP.onStreamRead (node:internal/stream_base_commons:218:20)
[2m12:33:28[22m [31m[1m[vite][22m[39m [31mws proxy error:[39m
Error: read ECONNRESET
    at TCP.onStreamRead (node:internal/stream_base_commons:218:20)
[2m12:33:28[22m [31m[1m[vite][22m[39m [31mws proxy error:[39m
Error: read ECONNRESET
    at TCP.onStreamRead (node:internal/stream_base_commons:218:20)
[2m12:33:28[22m [31m[1m[vite][22m[39m [31mws proxy error:[39m
Error: read ECONNRESET
    at TCP.onStreamRead (node:internal/stream_base_commons:218:20)
[2m12:33:28[22m [31m[1m[vite][22m[39m [31mws proxy error:[39m
Error: read ECONNRESET
    at TCP.onStreamRead (node:internal/stream_base_commons:218:20)
[2m12:33:28[22m [31m[1m[vite][22m[39m [31mws proxy error:[39m
Error: read ECONNRESET
    at TCP.onStreamRead (node:internal/stream_base_commons:218:20)
[2m12:33:28[22m [31m[1m[vite][22m[39m [31mws proxy error:[39m
Error: read ECONNRESET
    at TCP.onStreamRead (node:internal/stream_base_commons:218:20)
[2m12:33:28[22m [31m[1m[vite][22m[39m [31mws proxy error:[39m
Error: read ECONNRESET
    at TCP.onStreamRead (node:internal/stream_base_commons:218:20)
[2m12:33:28[22m [31m[1m[vite][22m[39m [31mws proxy error:[39m
Error: read ECONNRESET
    at TCP.onStreamRead (node:internal/stream_base_commons:218:20)
[2m12:33:28[22m [31m[1m[vite][22m[39m [31mws proxy error:[39m
Error: read ECONNRESET
    at TCP.onStreamRead (node:internal/stream_base_commons:218:20)
[2m12:33:28[22m [31m[1m[vite][22m[39m [31mws proxy error:[39m
Error: read ECONNRESET
    at TCP.onStreamRead (node:internal/stream_base_commons:218:20)
[2m12:33:28[22m [31m[1m[vite][22m[39m [31mws proxy error:[39m
Error: read ECONNRESET
    at TCP.onStreamRead (node:internal/stream_base_commons:218:20)
[2m12:33:28[22m [31m[1m[vite][22m[39m [31mws proxy error:[39m
Error: read ECONNRESET
    at TCP.onStreamRead (node:internal/stream_base_commons:218:20)
[2m12:33:28[22m [31m[1m[vite][22m[39m [31mws proxy error:[39m
Error: read ECONNRESET
    at TCP.onStreamRead (node:internal/stream_base_commons:218:20)
[2m12:33:28[22m [31m[1m[vite][22m[39m [31mws proxy error:[39m
Error: read ECONNRESET
    at TCP.onStreamRead (node:internal/stream_base_commons:218:20)
[2m12:33:28[22m [31m[1m[vite][22m[39m [31mws proxy error:[39m
Error: read ECONNRESET
    at TCP.onStreamRead (node:internal/stream_base_commons:218:20)
[2m12:33:28[22m [31m[1m[vite][22m[39m [31mws proxy error:[39m
Error: read ECONNRESET
    at TCP.onStreamRead (node:internal/stream_base_commons:218:20)
[2m12:33:28[22m [31m[1m[vite][22m[39m [31mws proxy error:[39m
Error: read ECONNRESET
    at TCP.onStreamRead (node:internal/stream_base_commons:218:20)
[2m12:33:28[22m [31m[1m[vite][22m[39m [31mws proxy error:[39m
Error: read ECONNRESET
    at TCP.onStreamRead (node:internal/stream_base_commons:218:20)
[2m12:33:28[22m [31m[1m[vite][22m[39m [31mws proxy error:[39m
Error: read ECONNRESET
    at TCP.onStreamRead (node:internal/stream_base_commons:218:20)
[2m12:33:28[22m [31m[1m[vite][22m[39m [31mws proxy error:[39m
Error: read ECONNRESET
    at TCP.onStreamRead (node:internal/stream_base_commons:218:20)
[2m12:33:28[22m [31m[1m[vite][22m[39m [31mws proxy error:[39m
Error: read ECONNRESET
    at TCP.onStreamRead (node:internal/stream_base_commons:218:20)
[2m12:33:28[22m [31m[1m[vite][22m[39m [31mws proxy error:[39m
Error: read ECONNRESET
    at TCP.onStreamRead (node:internal/stream_base_commons:218:20)
[2m12:33:28[22m [31m[1m[vite][22m[39m [31mws proxy error:[39m
Error: read ECONNRESET
    at TCP.onStreamRead (node:internal/stream_base_commons:218:20)
[2m12:33:28[22m [31m[1m[vite][22m[39m [31mws proxy error:[39m
Error: read ECONNRESET
    at TCP.onStreamRead (node:internal/stream_base_commons:218:20)
[2m12:33:28[22m [31m[1m[vite][22m[39m [31mws proxy error:[39m
Error: read ECONNRESET
    at TCP.onStreamRead (node:internal/stream_base_commons:218:20)
[2m12:33:28[22m [31m[1m[vite][22m[39m [31mws proxy error:[39m
Error: read ECONNRESET
    at TCP.onStreamRead (node:internal/stream_base_commons:218:20)
[2m12:33:28[22m [31m[1m[vite][22m[39m [31mws proxy error:[39m
Error: read ECONNRESET
    at TCP.onStreamRead (node:internal/stream_base_commons:218:20)
[2m12:33:28[22m [31m[1m[vite][22m[39m [31mws proxy error:[39m
Error: read ECONNRESET
    at TCP.onStreamRead (node:internal/stream_base_commons:218:20)
[2m12:33:28[22m [31m[1m[vite][22m[39m [31mws proxy error:[39m
Error: read ECONNRESET
    at TCP.onStreamRead (node:internal/stream_base_commons:218:20)
[2m12:33:28[22m [31m[1m[vite][22m[39m [31mws proxy error:[39m
Error: read ECONNRESET
    at TCP.onStreamRead (node:internal/stream_base_commons:218:20)
[2m12:33:28[22m [31m[1m[vite][22m[39m [31mws proxy error:[39m
Error: read ECONNRESET
    at TCP.onStreamRead (node:internal/stream_base_commons:218:20)
[2m12:33:28[22m [31m[1m[vite][22m[39m [31mws proxy error:[39m
Error: read ECONNRESET
    at TCP.onStreamRead (node:internal/stream_base_commons:218:20)
[2m12:33:28[22m [31m[1m[vite][22m[39m [31mws proxy error:[39m
Error: read ECONNRESET
    at TCP.onStreamRead (node:internal/stream_base_commons:218:20)
[2m12:33:28[22m [31m[1m[vite][22m[39m [31mws proxy error:[39m
Error: read ECONNRESET
    at TCP.onStreamRead (node:internal/stream_base_commons:218:20)
[2m12:33:28[22m [31m[1m[vite][22m[39m [31mws proxy error:[39m
Error: read ECONNRESET
    at TCP.onStreamRead (node:internal/stream_base_commons:218:20)
[2m12:33:28[22m [31m[1m[vite][22m[39m [31mws proxy error:[39m
Error: read ECONNRESET
    at TCP.onStreamRead (node:internal/stream_base_commons:218:20)
[2m12:33:28[22m [31m[1m[vite][22m[39m [31mws proxy error:[39m
Error: read ECONNRESET
    at TCP.onStreamRead (node:internal/stream_base_commons:218:20)
[2m12:33:28[22m [31m[1m[vite][22m[39m [31mws proxy error:[39m
AggregateError [ECONNREFUSED]: 
    at internalConnectMultiple (node:net:1122:18)
    at afterConnectMultiple (node:net:1689:7)
[2m12:33:30[22m [31m[1m[vite][22m[39m [31mws proxy error:[39m
AggregateError [ECONNREFUSED]: 
    at internalConnectMultiple (node:net:1122:18)
    at afterConnectMultiple (node:net:1689:7)
[2m12:33:30[22m [31m[1m[vite][22m[39m [31mhttp proxy error: /api/anomalies/count[39m
AggregateError [ECONNREFUSED]: 
    at internalConnectMultiple (node:net:1122:18)
    at afterConnectMultiple (node:net:1689:7)
[2m12:33:31[22m [31m[1m[vite][22m[39m [31mws proxy error:[39m
AggregateError [ECONNREFUSED]: 
    at internalConnectMultiple (node:net:1122:18)
    at afterConnectMultiple (node:net:1689:7)
[2m12:33:31[22m [31m[1m[vite][22m[39m [31mws proxy error:[39m
AggregateError [ECONNREFUSED]: 
    at internalConnectMultiple (node:net:1122:18)
    at afterConnectMultiple (node:net:1689:7)
[2m12:33:31[22m [31m[1m[vite][22m[39m [31mws proxy error:[39m
AggregateError [ECONNREFUSED]: 
    at internalConnectMultiple (node:net:1122:18)
    at afterConnectMultiple (node:net:1689:7)
[2m12:33:31[22m [31m[1m[vite][22m[39m [31mws proxy error:[39m
AggregateError [ECONNREFUSED]: 
    at internalConnectMultiple (node:net:1122:18)
    at afterConnectMultiple (node:net:1689:7)
[2m12:33:31[22m [31m[1m[vite][22m[39m [31mws proxy error:[39m
AggregateError [ECONNREFUSED]: 
    at internalConnectMultiple (node:net:1122:18)
    at afterConnectMultiple (node:net:1689:7)
[2m12:33:31[22m [31m[1m[vite][22m[39m [31mws proxy error:[39m
AggregateError [ECONNREFUSED]: 
    at internalConnectMultiple (node:net:1122:18)
    at afterConnectMultiple (node:net:1689:7)
[2m12:33:31[22m [31m[1m[vite][22m[39m [31mws proxy error:[39m
AggregateError [ECONNREFUSED]: 
    at internalConnectMultiple (node:net:1122:18)
    at afterConnectMultiple (node:net:1689:7)
[2m12:33:31[22m [31m[1m[vite][22m[39m [31mhttp proxy error: /api/alarms?limit=50[39m
AggregateError [ECONNREFUSED]: 
    at internalConnectMultiple (node:net:1122:18)
    at afterConnectMultiple (node:net:1689:7)
[2m12:33:31[22m [31m[1m[vite][22m[39m [31mws proxy error:[39m
AggregateError [ECONNREFUSED]: 
    at internalConnectMultiple (node:net:1122:18)
    at afterConnectMultiple (node:net:1689:7)
[2m12:33:31[22m [31m[1m[vite][22m[39m [31mhttp proxy error: /api/alarms?limit=50[39m
AggregateError [ECONNREFUSED]: 
    at internalConnectMultiple (node:net:1122:18)
    at afterConnectMultiple (node:net:1689:7)
[2m12:33:31[22m [31m[1m[vite][22m[39m [31mws proxy error:[39m
AggregateError [ECONNREFUSED]: 
    at internalConnectMultiple (node:net:1122:18)
    at afterConnectMultiple (node:net:1689:7)
[2m12:33:31[22m [31m[1m[vite][22m[39m [31mws proxy error:[39m
AggregateError [ECONNREFUSED]: 
    at internalConnectMultiple (node:net:1122:18)
    at afterConnectMultiple (node:net:1689:7)
[2m12:33:31[22m [31m[1m[vite][22m[39m [31mws proxy error:[39m
AggregateError [ECONNREFUSED]: 
    at internalConnectMultiple (node:net:1122:18)
    at afterConnectMultiple (node:net:1689:7)
[2m12:33:31[22m [31m[1m[vite][22m[39m [31mws proxy error:[39m
AggregateError [ECONNREFUSED]: 
    at internalConnectMultiple (node:net:1122:18)
    at afterConnectMultiple (node:net:1689:7)
[2m12:33:31[22m [31m[1m[vite][22m[39m [31mws proxy error:[39m
AggregateError [ECONNREFUSED]: 
    at internalConnectMultiple (node:net:1122:18)
    at afterConnectMultiple (node:net:1689:7)
[2m12:33:31[22m [31m[1m[vite][22m[39m [31mws proxy error:[39m
AggregateError [ECONNREFUSED]: 
    at internalConnectMultiple (node:net:1122:18)
    at afterConnectMultiple (node:net:1689:7)
[2m12:33:31[22m [31m[1m[vite][22m[39m [31mws proxy error:[39m
AggregateError [ECONNREFUSED]: 
    at internalConnectMultiple (node:net:1122:18)
    at afterConnectMultiple (node:net:1689:7)
[2m12:33:31[22m [31m[1m[vite][22m[39m [31mws proxy error:[39m
AggregateError [ECONNREFUSED]: 
    at internalConnectMultiple (node:net:1122:18)
    at afterConnectMultiple (node:net:1689:7)
[2m12:33:31[22m [31m[1m[vite][22m[39m [31mws proxy error:[39m
AggregateError [ECONNREFUSED]: 
    at internalConnectMultiple (node:net:1122:18)
    at afterConnectMultiple (node:net:1689:7)
[2m12:33:31[22m [31m[1m[vite][22m[39m [31mws proxy error:[39m
AggregateError [ECONNREFUSED]: 
    at internalConnectMultiple (node:net:1122:18)
    at afterConnectMultiple (node:net:1689:7)
[2m12:33:31[22m [31m[1m[vite][22m[39m [31mws proxy error:[39m
AggregateError [ECONNREFUSED]: 
    at internalConnectMultiple (node:net:1122:18)
    at afterConnectMultiple (node:net:1689:7)
[2m12:33:31[22m [31m[1m[vite][22m[39m [31mws proxy error:[39m
AggregateError [ECONNREFUSED]: 
    at internalConnectMultiple (node:net:1122:18)
    at afterConnectMultiple (node:net:1689:7)
[2m12:33:31[22m [31m[1m[vite][22m[39m [31mws proxy error:[39m
AggregateError [ECONNREFUSED]: 
    at internalConnectMultiple (node:net:1122:18)
    at afterConnectMultiple (node:net:1689:7)
[2m12:33:31[22m [31m[1m[vite][22m[39m [31mws proxy error:[39m
AggregateError [ECONNREFUSED]: 
    at internalConnectMultiple (node:net:1122:18)
    at afterConnectMultiple (node:net:1689:7)
[2m12:33:31[22m [31m[1m[vite][22m[39m [31mws proxy error:[39m
AggregateError [ECONNREFUSED]: 
    at internalConnectMultiple (node:net:1122:18)
    at afterConnectMultiple (node:net:1689:7)
[2m12:33:32[22m [31m[1m[vite][22m[39m [31mws proxy error:[39m
AggregateError [ECONNREFUSED]: 
    at internalConnectMultiple (node:net:1122:18)
    at afterConnectMultiple (node:net:1689:7)
[2m12:33:32[22m [31m[1m[vite][22m[39m [31mws proxy error:[39m
AggregateError [ECONNREFUSED]: 
    at internalConnectMultiple (node:net:1122:18)
    at afterConnectMultiple (node:net:1689:7)
[2m12:33:32[22m [31m[1m[vite][22m[39m [31mws proxy error:[39m
AggregateError [ECONNREFUSED]: 
    at internalConnectMultiple (node:net:1122:18)
    at afterConnectMultiple (node:net:1689:7)
[2m12:33:32[22m [31m[1m[vite][22m[39m [31mws proxy error:[39m
AggregateError [ECONNREFUSED]: 
    at internalConnectMultiple (node:net:1122:18)
    at afterConnectMultiple (node:net:1689:7)
[2m12:33:32[22m [31m[1m[vite][22m[39m [31mws proxy error:[39m
AggregateError [ECONNREFUSED]: 
    at internalConnectMultiple (node:net:1122:18)
    at afterConnectMultiple (node:net:1689:7)
[2m12:33:32[22m [31m[1m[vite][22m[39m [31mws proxy error:[39m
AggregateError [ECONNREFUSED]: 
    at internalConnectMultiple (node:net:1122:18)
    at afterConnectMultiple (node:net:1689:7)
[2m12:33:33[22m [31m[1m[vite][22m[39m [31mws proxy error:[39m
AggregateError [ECONNREFUSED]: 
    at internalConnectMultiple (node:net:1122:18)
    at afterConnectMultiple (node:net:1689:7)
[2m12:33:33[22m [31m[1m[vite][22m[39m [31mws proxy error:[39m
AggregateError [ECONNREFUSED]: 
    at internalConnectMultiple (node:net:1122:18)
    at afterConnectMultiple (node:net:1689:7)
[2m12:33:33[22m [31m[1m[vite][22m[39m [31mws proxy error:[39m
AggregateError [ECONNREFUSED]: 
    at internalConnectMultiple (node:net:1122:18)
    at afterConnectMultiple (node:net:1689:7)
[2m12:33:33[22m [31m[1m[vite][22m[39m [31mws proxy error:[39m
AggregateError [ECONNREFUSED]: 
    at internalConnectMultiple (node:net:1122:18)
    at afterConnectMultiple (node:net:1689:7)
[2m12:33:33[22m [31m[1m[vite][22m[39m [31mws proxy error:[39m
AggregateError [ECONNREFUSED]: 
    at internalConnectMultiple (node:net:1122:18)
    at afterConnectMultiple (node:net:1689:7)
[2m12:33:33[22m [31m[1m[vite][22m[39m [31mws proxy error:[39m
AggregateError [ECONNREFUSED]: 
    at internalConnectMultiple (node:net:1122:18)
    at afterConnectMultiple (node:net:1689:7)
[2m12:33:33[22m [31m[1m[vite][22m[39m [31mws proxy error:[39m
AggregateError [ECONNREFUSED]: 
    at internalConnectMultiple (node:net:1122:18)
    at afterConnectMultiple (node:net:1689:7)
[2m12:33:33[22m [31m[1m[vite][22m[39m [31mws proxy error:[39m
AggregateError [ECONNREFUSED]: 
    at internalConnectMultiple (node:net:1122:18)
    at afterConnectMultiple (node:net:1689:7)
[2m12:33:33[22m [31m[1m[vite][22m[39m [31mws proxy error:[39m
AggregateError [ECONNREFUSED]: 
    at internalConnectMultiple (node:net:1122:18)
    at afterConnectMultiple (node:net:1689:7)
[2m12:33:33[22m [31m[1m[vite][22m[39m [31mws proxy error:[39m
AggregateError [ECONNREFUSED]: 
    at internalConnectMultiple (node:net:1122:18)
    at afterConnectMultiple (node:net:1689:7)
[2m12:33:33[22m [31m[1m[vite][22m[39m [31mws proxy error:[39m
AggregateError [ECONNREFUSED]: 
    at internalConnectMultiple (node:net:1122:18)
    at afterConnectMultiple (node:net:1689:7)
[2m12:33:33[22m [31m[1m[vite][22m[39m [31mws proxy error:[39m
AggregateError [ECONNREFUSED]: 
    at internalConnectMultiple (node:net:1122:18)
    at afterConnectMultiple (node:net:1689:7)
[2m12:33:33[22m [31m[1m[vite][22m[39m [31mws proxy error:[39m
AggregateError [ECONNREFUSED]: 
    at internalConnectMultiple (node:net:1122:18)
    at afterConnectMultiple (node:net:1689:7)
[2m12:33:33[22m [31m[1m[vite][22m[39m [31mws proxy error:[39m
AggregateError [ECONNREFUSED]: 
    at internalConnectMultiple (node:net:1122:18)
    at afterConnectMultiple (node:net:1689:7)
[2m12:33:34[22m [31m[1m[vite][22m[39m [31mws proxy error:[39m
AggregateError [ECONNREFUSED]: 
    at internalConnectMultiple (node:net:1122:18)
    at afterConnectMultiple (node:net:1689:7)
[2m12:33:34[22m [31m[1m[vite][22m[39m [31mws proxy error:[39m
AggregateError [ECONNREFUSED]: 
    at internalConnectMultiple (node:net:1122:18)
    at afterConnectMultiple (node:net:1689:7)
[2m12:33:34[22m [31m[1m[vite][22m[39m [31mws proxy error:[39m
AggregateError [ECONNREFUSED]: 
    at internalConnectMultiple (node:net:1122:18)
    at afterConnectMultiple (node:net:1689:7)
[2m12:33:34[22m [31m[1m[vite][22m[39m [31mws proxy error:[39m
AggregateError [ECONNREFUSED]: 
    at internalConnectMultiple (node:net:1122:18)
    at afterConnectMultiple (node:net:1689:7)
[2m12:33:35[22m [31m[1m[vite][22m[39m [31mws proxy error:[39m
AggregateError [ECONNREFUSED]: 
    at internalConnectMultiple (node:net:1122:18)
    at afterConnectMultiple (node:net:1689:7)
[2m12:33:35[22m [31m[1m[vite][22m[39m [31mws proxy error:[39m
AggregateError [ECONNREFUSED]: 
    at internalConnectMultiple (node:net:1122:18)
    at afterConnectMultiple (node:net:1689:7)
[2m12:33:35[22m [31m[1m[vite][22m[39m [31mws proxy error:[39m
AggregateError [ECONNREFUSED]: 
    at internalConnectMultiple (node:net:1122:18)
    at afterConnectMultiple (node:net:1689:7)
[2m12:33:35[22m [31m[1m[vite][22m[39m [31mws proxy error:[39m
AggregateError [ECONNREFUSED]: 
    at internalConnectMultiple (node:net:1122:18)
    at afterConnectMultiple (node:net:1689:7)
[2m12:33:35[22m [31m[1m[vite][22m[39m [31mws proxy error:[39m
AggregateError [ECONNREFUSED]: 
    at internalConnectMultiple (node:net:1122:18)
    at afterConnectMultiple (node:net:1689:7)
[2m12:33:35[22m [31m[1m[vite][22m[39m [31mws proxy error:[39m
AggregateError [ECONNREFUSED]: 
    at internalConnectMultiple (node:net:1122:18)
    at afterConnectMultiple (node:net:1689:7)
[2m12:33:35[22m [31m[1m[vite][22m[39m [31mws proxy error:[39m
AggregateError [ECONNREFUSED]: 
    at internalConnectMultiple (node:net:1122:18)
    at afterConnectMultiple (node:net:1689:7)
[2m12:33:35[22m [31m[1m[vite][22m[39m [31mws proxy error:[39m
AggregateError [ECONNREFUSED]: 
    at internalConnectMultiple (node:net:1122:18)
    at afterConnectMultiple (node:net:1689:7)
[2m12:33:35[22m [31m[1m[vite][22m[39m [31mws proxy error:[39m
AggregateError [ECONNREFUSED]: 
    at internalConnectMultiple (node:net:1122:18)
    at afterConnectMultiple (node:net:1689:7)
[2m12:33:35[22m [31m[1m[vite][22m[39m [31mws proxy error:[39m
AggregateError [ECONNREFUSED]: 
    at internalConnectMultiple (node:net:1122:18)
    at afterConnectMultiple (node:net:1689:7)
[2m12:33:35[22m [31m[1m[vite][22m[39m [31mws proxy error:[39m
AggregateError [ECONNREFUSED]: 
    at internalConnectMultiple (node:net:1122:18)
    at afterConnectMultiple (node:net:1689:7)
[2m12:33:35[22m [31m[1m[vite][22m[39m [31mws proxy error:[39m
AggregateError [ECONNREFUSED]: 
    at internalConnectMultiple (node:net:1122:18)
    at afterConnectMultiple (node:net:1689:7)
[2m12:33:35[22m [31m[1m[vite][22m[39m [31mws proxy error:[39m
AggregateError [ECONNREFUSED]: 
    at internalConnectMultiple (node:net:1122:18)
    at afterConnectMultiple (node:net:1689:7)
[2m12:33:35[22m [31m[1m[vite][22m[39m [31mws proxy error:[39m
AggregateError [ECONNREFUSED]: 
    at internalConnectMultiple (node:net:1122:18)
    at afterConnectMultiple (node:net:1689:7)
[2m12:33:35[22m [31m[1m[vite][22m[39m [31mws proxy error:[39m
AggregateError [ECONNREFUSED]: 
    at internalConnectMultiple (node:net:1122:18)
    at afterConnectMultiple (node:net:1689:7)
[2m12:33:35[22m [31m[1m[vite][22m[39m [31mws proxy error:[39m
AggregateError [ECONNREFUSED]: 
    at internalConnectMultiple (node:net:1122:18)
    at afterConnectMultiple (node:net:1689:7)
[2m12:33:35[22m [31m[1m[vite][22m[39m [31mws proxy error:[39m
AggregateError [ECONNREFUSED]: 
    at internalConnectMultiple (node:net:1122:18)
    at afterConnectMultiple (node:net:1689:7)
[2m12:33:36[22m [31m[1m[vite][22m[39m [31mws proxy error:[39m
AggregateError [ECONNREFUSED]: 
    at internalConnectMultiple (node:net:1122:18)
    at afterConnectMultiple (node:net:1689:7)
[2m12:33:36[22m [31m[1m[vite][22m[39m [31mws proxy error:[39m
AggregateError [ECONNREFUSED]: 
    at internalConnectMultiple (node:net:1122:18)
    at afterConnectMultiple (node:net:1689:7)
[2m12:33:36[22m [31m[1m[vite][22m[39m [31mws proxy error:[39m
AggregateError [ECONNREFUSED]: 
    at internalConnectMultiple (node:net:1122:18)
    at afterConnectMultiple (node:net:1689:7)
[2m12:33:36[22m [31m[1m[vite][22m[39m [31mws proxy error:[39m
AggregateError [ECONNREFUSED]: 
    at internalConnectMultiple (node:net:1122:18)
    at afterConnectMultiple (node:net:1689:7)
[2m12:33:36[22m [31m[1m[vite][22m[39m [31mws proxy error:[39m
AggregateError [ECONNREFUSED]: 
    at internalConnectMultiple (node:net:1122:18)
    at afterConnectMultiple (node:net:1689:7)
[2m12:33:36[22m [31m[1m[vite][22m[39m [31mws proxy error:[39m
AggregateError [ECONNREFUSED]: 
    at internalConnectMultiple (node:net:1122:18)
    at afterConnectMultiple (node:net:1689:7)
[2m12:33:36[22m [31m[1m[vite][22m[39m [31mws proxy error:[39m
AggregateError [ECONNREFUSED]: 
    at internalConnectMultiple (node:net:1122:18)
    at afterConnectMultiple (node:net:1689:7)
[2m12:33:36[22m [31m[1m[vite][22m[39m [31mws proxy error:[39m
AggregateError [ECONNREFUSED]: 
    at internalConnectMultiple (node:net:1122:18)
    at afterConnectMultiple (node:net:1689:7)
[2m12:33:36[22m [31m[1m[vite][22m[39m [31mws proxy error:[39m
AggregateError [ECONNREFUSED]: 
    at internalConnectMultiple (node:net:1122:18)
    at afterConnectMultiple (node:net:1689:7)
[2m12:33:36[22m [31m[1m[vite][22m[39m [31mws proxy error:[39m
AggregateError [ECONNREFUSED]: 
    at internalConnectMultiple (node:net:1122:18)
    at afterConnectMultiple (node:net:1689:7)
[2m12:33:37[22m [31m[1m[vite][22m[39m [31mws proxy error:[39m
AggregateError [ECONNREFUSED]: 
    at internalConnectMultiple (node:net:1122:18)
    at afterConnectMultiple (node:net:1689:7)
[2m12:33:37[22m [31m[1m[vite][22m[39m [31mws proxy error:[39m
AggregateError [ECONNREFUSED]: 
    at internalConnectMultiple (node:net:1122:18)
    at afterConnectMultiple (node:net:1689:7)
[2m12:33:37[22m [31m[1m[vite][22m[39m [31mws proxy error:[39m
AggregateError [ECONNREFUSED]: 
    at internalConnectMultiple (node:net:1122:18)
    at afterConnectMultiple (node:net:1689:7)
[2m12:33:37[22m [31m[1m[vite][22m[39m [31mws proxy error:[39m
AggregateError [ECONNREFUSED]: 
    at internalConnectMultiple (node:net:1122:18)
    at afterConnectMultiple (node:net:1689:7)
[2m12:33:37[22m [31m[1m[vite][22m[39m [31mws proxy error:[39m
AggregateError [ECONNREFUSED]: 
    at internalConnectMultiple (node:net:1122:18)
    at afterConnectMultiple (node:net:1689:7)
[2m12:33:37[22m [31m[1m[vite][22m[39m [31mws proxy error:[39m
AggregateError [ECONNREFUSED]: 
    at internalConnectMultiple (node:net:1122:18)
    at afterConnectMultiple (node:net:1689:7)
[2m12:33:37[22m [31m[1m[vite][22m[39m [31mws proxy error:[39m
AggregateError [ECONNREFUSED]: 
    at internalConnectMultiple (node:net:1122:18)
    at afterConnectMultiple (node:net:1689:7)
[2m12:33:37[22m [31m[1m[vite][22m[39m [31mws proxy error:[39m
AggregateError [ECONNREFUSED]: 
    at internalConnectMultiple (node:net:1122:18)
    at afterConnectMultiple (node:net:1689:7)
[2m12:33:37[22m [31m[1m[vite][22m[39m [31mws proxy error:[39m
AggregateError [ECONNREFUSED]: 
    at internalConnectMultiple (node:net:1122:18)
    at afterConnectMultiple (node:net:1689:7)
[2m12:33:37[22m [31m[1m[vite][22m[39m [31mws proxy error:[39m
AggregateError [ECONNREFUSED]: 
    at internalConnectMultiple (node:net:1122:18)
    at afterConnectMultiple (node:net:1689:7)
[2m12:33:38[22m [31m[1m[vite][22m[39m [31mws proxy error:[39m
AggregateError [ECONNREFUSED]: 
    at internalConnectMultiple (node:net:1122:18)
    at afterConnectMultiple (node:net:1689:7)
[2m12:33:38[22m [31m[1m[vite][22m[39m [31mws proxy error:[39m
AggregateError [ECONNREFUSED]: 
    at internalConnectMultiple (node:net:1122:18)
    at afterConnectMultiple (node:net:1689:7)
[2m12:33:38[22m [31m[1m[vite][22m[39m [31mws proxy error:[39m
AggregateError [ECONNREFUSED]: 
    at internalConnectMultiple (node:net:1122:18)
    at afterConnectMultiple (node:net:1689:7)
[2m12:33:38[22m [31m[1m[vite][22m[39m [31mws proxy error:[39m
AggregateError [ECONNREFUSED]: 
    at internalConnectMultiple (node:net:1122:18)
    at afterConnectMultiple (node:net:1689:7)
[2m12:33:38[22m [31m[1m[vite][22m[39m [31mws proxy error:[39m
AggregateError [ECONNREFUSED]: 
    at internalConnectMultiple (node:net:1122:18)
    at afterConnectMultiple (node:net:1689:7)
[2m12:33:38[22m [31m[1m[vite][22m[39m [31mws proxy error:[39m
AggregateError [ECONNREFUSED]: 
    at internalConnectMultiple (node:net:1122:18)
    at afterConnectMultiple (node:net:1689:7)
[2m12:33:38[22m [31m[1m[vite][22m[39m [31mws proxy error:[39m
AggregateError [ECONNREFUSED]: 
    at internalConnectMultiple (node:net:1122:18)
    at afterConnectMultiple (node:net:1689:7)
[2m12:33:38[22m [31m[1m[vite][22m[39m [31mws proxy error:[39m
AggregateError [ECONNREFUSED]: 
    at internalConnectMultiple (node:net:1122:18)
    at afterConnectMultiple (node:net:1689:7)
[2m12:33:38[22m [31m[1m[vite][22m[39m [31mws proxy error:[39m
AggregateError [ECONNREFUSED]: 
    at internalConnectMultiple (node:net:1122:18)
    at afterConnectMultiple (node:net:1689:7)
[2m12:33:38[22m [31m[1m[vite][22m[39m [31mws proxy error:[39m
AggregateError [ECONNREFUSED]: 
    at internalConnectMultiple (node:net:1122:18)
    at afterConnectMultiple (node:net:1689:7)
[2m12:33:38[22m [31m[1m[vite][22m[39m [31mws proxy error:[39m
AggregateError [ECONNREFUSED]: 
    at internalConnectMultiple (node:net:1122:18)
    at afterConnectMultiple (node:net:1689:7)
[2m12:33:38[22m [31m[1m[vite][22m[39m [31mws proxy error:[39m
AggregateError [ECONNREFUSED]: 
    at internalConnectMultiple (node:net:1122:18)
    at afterConnectMultiple (node:net:1689:7)
[2m12:33:38[22m [31m[1m[vite][22m[39m [31mws proxy error:[39m
AggregateError [ECONNREFUSED]: 
    at internalConnectMultiple (node:net:1122:18)
    at afterConnectMultiple (node:net:1689:7)
[2m12:33:39[22m [31m[1m[vite][22m[39m [31mws proxy error:[39m
AggregateError [ECONNREFUSED]: 
    at internalConnectMultiple (node:net:1122:18)
    at afterConnectMultiple (node:net:1689:7)
[2m12:33:39[22m [31m[1m[vite][22m[39m [31mws proxy error:[39m
AggregateError [ECONNREFUSED]: 
    at internalConnectMultiple (node:net:1122:18)
    at afterConnectMultiple (node:net:1689:7)
[2m12:33:39[22m [31m[1m[vite][22m[39m [31mws proxy error:[39m
AggregateError [ECONNREFUSED]: 
    at internalConnectMultiple (node:net:1122:18)
    at afterConnectMultiple (node:net:1689:7)
[2m12:33:39[22m [31m[1m[vite][22m[39m [31mws proxy error:[39m
AggregateError [ECONNREFUSED]: 
    at internalConnectMultiple (node:net:1122:18)
    at afterConnectMultiple (node:net:1689:7)
[2m12:33:39[22m [31m[1m[vite][22m[39m [31mws proxy error:[39m
AggregateError [ECONNREFUSED]: 
    at internalConnectMultiple (node:net:1122:18)
    at afterConnectMultiple (node:net:1689:7)
[2m12:33:39[22m [31m[1m[vite][22m[39m [31mws proxy error:[39m
AggregateError [ECONNREFUSED]: 
    at internalConnectMultiple (node:net:1122:18)
    at afterConnectMultiple (node:net:1689:7)
[2m12:33:39[22m [31m[1m[vite][22m[39m [31mws proxy error:[39m
AggregateError [ECONNREFUSED]: 
    at internalConnectMultiple (node:net:1122:18)
    at afterConnectMultiple (node:net:1689:7)
[2m12:33:40[22m [31m[1m[vite][22m[39m [31mws proxy error:[39m
AggregateError [ECONNREFUSED]: 
    at internalConnectMultiple (node:net:1122:18)
    at afterConnectMultiple (node:net:1689:7)
[2m12:33:40[22m [31m[1m[vite][22m[39m [31mws proxy error:[39m
AggregateError [ECONNREFUSED]: 
    at internalConnectMultiple (node:net:1122:18)
    at afterConnectMultiple (node:net:1689:7)
[2m12:33:40[22m [31m[1m[vite][22m[39m [31mws proxy error:[39m
AggregateError [ECONNREFUSED]: 
    at internalConnectMultiple (node:net:1122:18)
    at afterConnectMultiple (node:net:1689:7)
[2m12:33:40[22m [31m[1m[vite][22m[39m [31mws proxy error:[39m
AggregateError [ECONNREFUSED]: 
    at internalConnectMultiple (node:net:1122:18)
    at afterConnectMultiple (node:net:1689:7)
[2m12:33:40[22m [31m[1m[vite][22m[39m [31mws proxy error:[39m
AggregateError [ECONNREFUSED]: 
    at internalConnectMultiple (node:net:1122:18)
    at afterConnectMultiple (node:net:1689:7)
[2m12:33:40[22m [31m[1m[vite][22m[39m [31mws proxy error:[39m
AggregateError [ECONNREFUSED]: 
    at internalConnectMultiple (node:net:1122:18)
    at afterConnectMultiple (node:net:1689:7)
[2m12:33:40[22m [31m[1m[vite][22m[39m [31mws proxy error:[39m
AggregateError [ECONNREFUSED]: 
    at internalConnectMultiple (node:net:1122:18)
    at afterConnectMultiple (node:net:1689:7)
[2m12:33:40[22m [31m[1m[vite][22m[39m [31mws proxy error:[39m
AggregateError [ECONNREFUSED]: 
    at internalConnectMultiple (node:net:1122:18)
    at afterConnectMultiple (node:net:1689:7)
[2m12:33:40[22m [31m[1m[vite][22m[39m [31mws proxy error:[39m
AggregateError [ECONNREFUSED]: 
    at internalConnectMultiple (node:net:1122:18)
    at afterConnectMultiple (node:net:1689:7)
[2m12:33:41[22m [31m[1m[vite][22m[39m [31mws proxy error:[39m
AggregateError [ECONNREFUSED]: 
    at internalConnectMultiple (node:net:1122:18)
    at afterConnectMultiple (node:net:1689:7)
[2m12:33:41[22m [31m[1m[vite][22m[39m [31mws proxy error:[39m
AggregateError [ECONNREFUSED]: 
    at internalConnectMultiple (node:net:1122:18)
    at afterConnectMultiple (node:net:1689:7)
[2m12:33:41[22m [31m[1m[vite][22m[39m [31mws proxy error:[39m
AggregateError [ECONNREFUSED]: 
    at internalConnectMultiple (node:net:1122:18)
    at afterConnectMultiple (node:net:1689:7)
[2m12:33:41[22m [31m[1m[vite][22m[39m [31mws proxy error:[39m
AggregateError [ECONNREFUSED]: 
    at internalConnectMultiple (node:net:1122:18)
    at afterConnectMultiple (node:net:1689:7)
[2m12:33:41[22m [31m[1m[vite][22m[39m [31mws proxy error:[39m
AggregateError [ECONNREFUSED]: 
    at internalConnectMultiple (node:net:1122:18)
    at afterConnectMultiple (node:net:1689:7)
[2m12:33:41[22m [31m[1m[vite][22m[39m [31mws proxy error:[39m
AggregateError [ECONNREFUSED]: 
    at internalConnectMultiple (node:net:1122:18)
    at afterConnectMultiple (node:net:1689:7)
[2m12:33:41[22m [31m[1m[vite][22m[39m [31mws proxy error:[39m
AggregateError [ECONNREFUSED]: 
    at internalConnectMultiple (node:net:1122:18)
    at afterConnectMultiple (node:net:1689:7)
[2m12:33:41[22m [31m[1m[vite][22m[39m [31mws proxy error:[39m
AggregateError [ECONNREFUSED]: 
    at internalConnectMultiple (node:net:1122:18)
    at afterConnectMultiple (node:net:1689:7)
[2m12:33:41[22m [31m[1m[vite][22m[39m [31mws proxy error:[39m
AggregateError [ECONNREFUSED]: 
    at internalConnectMultiple (node:net:1122:18)
    at afterConnectMultiple (node:net:1689:7)
[2m12:33:41[22m [31m[1m[vite][22m[39m [31mws proxy error:[39m
AggregateError [ECONNREFUSED]: 
    at internalConnectMultiple (node:net:1122:18)
    at afterConnectMultiple (node:net:1689:7)
[2m12:33:42[22m [31m[1m[vite][22m[39m [31mws proxy error:[39m
AggregateError [ECONNREFUSED]: 
    at internalConnectMultiple (node:net:1122:18)
    at afterConnectMultiple (node:net:1689:7)
[2m12:33:42[22m [31m[1m[vite][22m[39m [31mws proxy error:[39m
AggregateError [ECONNREFUSED]: 
    at internalConnectMultiple (node:net:1122:18)
    at afterConnectMultiple (node:net:1689:7)
[2m12:33:42[22m [31m[1m[vite][22m[39m [31mws proxy error:[39m
AggregateError [ECONNREFUSED]: 
    at internalConnectMultiple (node:net:1122:18)
    at afterConnectMultiple (node:net:1689:7)
[2m12:33:42[22m [31m[1m[vite][22m[39m [31mws proxy error:[39m
AggregateError [ECONNREFUSED]: 
    at internalConnectMultiple (node:net:1122:18)
    at afterConnectMultiple (node:net:1689:7)
[2m12:33:42[22m [31m[1m[vite][22m[39m [31mws proxy error:[39m
AggregateError [ECONNREFUSED]: 
    at internalConnectMultiple (node:net:1122:18)
    at afterConnectMultiple (node:net:1689:7)
[2m12:33:42[22m [31m[1m[vite][22m[39m [31mws proxy error:[39m
AggregateError [ECONNREFUSED]: 
    at internalConnectMultiple (node:net:1122:18)
    at afterConnectMultiple (node:net:1689:7)
[2m12:33:42[22m [31m[1m[vite][22m[39m [31mws proxy error:[39m
AggregateError [ECONNREFUSED]: 
    at internalConnectMultiple (node:net:1122:18)
    at afterConnectMultiple (node:net:1689:7)
[2m12:33:42[22m [31m[1m[vite][22m[39m [31mws proxy error:[39m
AggregateError [ECONNREFUSED]: 
    at internalConnectMultiple (node:net:1122:18)
    at afterConnectMultiple (node:net:1689:7)
[2m12:33:42[22m [31m[1m[vite][22m[39m [31mws proxy error:[39m
AggregateError [ECONNREFUSED]: 
    at internalConnectMultiple (node:net:1122:18)
    at afterConnectMultiple (node:net:1689:7)
[2m12:33:43[22m [31m[1m[vite][22m[39m [31mws proxy error:[39m
AggregateError [ECONNREFUSED]: 
    at internalConnectMultiple (node:net:1122:18)
    at afterConnectMultiple (node:net:1689:7)
[2m12:33:43[22m [31m[1m[vite][22m[39m [31mws proxy error:[39m
AggregateError [ECONNREFUSED]: 
    at internalConnectMultiple (node:net:1122:18)
    at afterConnectMultiple (node:net:1689:7)
[2m12:33:43[22m [31m[1m[vite][22m[39m [31mws proxy error:[39m
AggregateError [ECONNREFUSED]: 
    at internalConnectMultiple (node:net:1122:18)
    at afterConnectMultiple (node:net:1689:7)
[2m12:33:43[22m [31m[1m[vite][22m[39m [31mws proxy error:[39m
AggregateError [ECONNREFUSED]: 
    at internalConnectMultiple (node:net:1122:18)
    at afterConnectMultiple (node:net:1689:7)
[2m12:33:43[22m [31m[1m[vite][22m[39m [31mws proxy error:[39m
AggregateError [ECONNREFUSED]: 
    at internalConnectMultiple (node:net:1122:18)
    at afterConnectMultiple (node:net:1689:7)
[2m12:33:43[22m [31m[1m[vite][22m[39m [31mws proxy error:[39m
AggregateError [ECONNREFUSED]: 
    at internalConnectMultiple (node:net:1122:18)
    at afterConnectMultiple (node:net:1689:7)
[2m12:33:43[22m [31m[1m[vite][22m[39m [31mws proxy error:[39m
AggregateError [ECONNREFUSED]: 
    at internalConnectMultiple (node:net:1122:18)
    at afterConnectMultiple (node:net:1689:7)
[2m12:33:43[22m [31m[1m[vite][22m[39m [31mws proxy error:[39m
AggregateError [ECONNREFUSED]: 
    at internalConnectMultiple (node:net:1122:18)
    at afterConnectMultiple (node:net:1689:7)
[2m12:33:44[22m [31m[1m[vite][22m[39m [31mws proxy error:[39m
AggregateError [ECONNREFUSED]: 
    at internalConnectMultiple (node:net:1122:18)
    at afterConnectMultiple (node:net:1689:7)
[2m12:33:44[22m [31m[1m[vite][22m[39m [31mws proxy error:[39m
AggregateError [ECONNREFUSED]: 
    at internalConnectMultiple (node:net:1122:18)
    at afterConnectMultiple (node:net:1689:7)
[2m12:33:44[22m [31m[1m[vite][22m[39m [31mws proxy error:[39m
AggregateError [ECONNREFUSED]: 
    at internalConnectMultiple (node:net:1122:18)
    at afterConnectMultiple (node:net:1689:7)
[2m12:33:44[22m [31m[1m[vite][22m[39m [31mws proxy error:[39m
AggregateError [ECONNREFUSED]: 
    at internalConnectMultiple (node:net:1122:18)
    at afterConnectMultiple (node:net:1689:7)
[2m12:33:44[22m [31m[1m[vite][22m[39m [31mws proxy error:[39m
AggregateError [ECONNREFUSED]: 
    at internalConnectMultiple (node:net:1122:18)
    at afterConnectMultiple (node:net:1689:7)
[2m12:33:44[22m [31m[1m[vite][22m[39m [31mws proxy error:[39m
AggregateError [ECONNREFUSED]: 
    at internalConnectMultiple (node:net:1122:18)
    at afterConnectMultiple (node:net:1689:7)
[2m12:33:44[22m [31m[1m[vite][22m[39m [31mws proxy error:[39m
AggregateError [ECONNREFUSED]: 
    at internalConnectMultiple (node:net:1122:18)
    at afterConnectMultiple (node:net:1689:7)
[2m12:33:44[22m [31m[1m[vite][22m[39m [31mws proxy error:[39m
AggregateError [ECONNREFUSED]: 
    at internalConnectMultiple (node:net:1122:18)
    at afterConnectMultiple (node:net:1689:7)
[2m12:33:44[22m [31m[1m[vite][22m[39m [31mws proxy error:[39m
AggregateError [ECONNREFUSED]: 
    at internalConnectMultiple (node:net:1122:18)
    at afterConnectMultiple (node:net:1689:7)
[2m12:33:44[22m [31m[1m[vite][22m[39m [31mws proxy error:[39m
AggregateError [ECONNREFUSED]: 
    at internalConnectMultiple (node:net:1122:18)
    at afterConnectMultiple (node:net:1689:7)
[2m12:33:44[22m [31m[1m[vite][22m[39m [31mws proxy error:[39m
AggregateError [ECONNREFUSED]: 
    at internalConnectMultiple (node:net:1122:18)
    at afterConnectMultiple (node:net:1689:7)
[2m12:33:45[22m [31m[1m[vite][22m[39m [31mws proxy error:[39m
AggregateError [ECONNREFUSED]: 
    at internalConnectMultiple (node:net:1122:18)
    at afterConnectMultiple (node:net:1689:7)
[2m12:33:45[22m [31m[1m[vite][22m[39m [31mws proxy error:[39m
AggregateError [ECONNREFUSED]: 
    at internalConnectMultiple (node:net:1122:18)
    at afterConnectMultiple (node:net:1689:7)
[2m12:33:45[22m [31m[1m[vite][22m[39m [31mws proxy error:[39m
AggregateError [ECONNREFUSED]: 
    at internalConnectMultiple (node:net:1122:18)
    at afterConnectMultiple (node:net:1689:7)
[2m12:33:45[22m [31m[1m[vite][22m[39m [31mws proxy error:[39m
AggregateError [ECONNREFUSED]: 
    at internalConnectMultiple (node:net:1122:18)
    at afterConnectMultiple (node:net:1689:7)
[2m12:33:45[22m [31m[1m[vite][22m[39m [31mws proxy error:[39m
AggregateError [ECONNREFUSED]: 
    at internalConnectMultiple (node:net:1122:18)
    at afterConnectMultiple (node:net:1689:7)
[2m12:33:45[22m [31m[1m[vite][22m[39m [31mws proxy error:[39m
AggregateError [ECONNREFUSED]: 
    at internalConnectMultiple (node:net:1122:18)
    at afterConnectMultiple (node:net:1689:7)
[2m12:33:45[22m [31m[1m[vite][22m[39m [31mws proxy error:[39m
AggregateError [ECONNREFUSED]: 
    at internalConnectMultiple (node:net:1122:18)
    at afterConnectMultiple (node:net:1689:7)
[2m12:33:45[22m [31m[1m[vite][22m[39m [31mws proxy error:[39m
AggregateError [ECONNREFUSED]: 
    at internalConnectMultiple (node:net:1122:18)
    at afterConnectMultiple (node:net:1689:7)
[2m12:33:45[22m [31m[1m[vite][22m[39m [31mws proxy error:[39m
AggregateError [ECONNREFUSED]: 
    at internalConnectMultiple (node:net:1122:18)
    at afterConnectMultiple (node:net:1689:7)
[2m12:33:45[22m [31m[1m[vite][22m[39m [31mws proxy error:[39m
AggregateError [ECONNREFUSED]: 
    at internalConnectMultiple (node:net:1122:18)
    at afterConnectMultiple (node:net:1689:7)
[2m12:33:45[22m [31m[1m[vite][22m[39m [31mws proxy error:[39m
AggregateError [ECONNREFUSED]: 
    at internalConnectMultiple (node:net:1122:18)
    at afterConnectMultiple (node:net:1689:7)
[2m12:33:45[22m [31m[1m[vite][22m[39m [31mws proxy error:[39m
AggregateError [ECONNREFUSED]: 
    at internalConnectMultiple (node:net:1122:18)
    at afterConnectMultiple (node:net:1689:7)
[2m12:33:46[22m [31m[1m[vite][22m[39m [31mws proxy error:[39m
AggregateError [ECONNREFUSED]: 
    at internalConnectMultiple (node:net:1122:18)
    at afterConnectMultiple (node:net:1689:7)
[2m12:33:46[22m [31m[1m[vite][22m[39m [31mws proxy error:[39m
AggregateError [ECONNREFUSED]: 
    at internalConnectMultiple (node:net:1122:18)
    at afterConnectMultiple (node:net:1689:7)
[2m12:33:46[22m [31m[1m[vite][22m[39m [31mws proxy error:[39m
AggregateError [ECONNREFUSED]: 
    at internalConnectMultiple (node:net:1122:18)
    at afterConnectMultiple (node:net:1689:7)
[2m12:33:46[22m [31m[1m[vite][22m[39m [31mws proxy error:[39m
AggregateError [ECONNREFUSED]: 
    at internalConnectMultiple (node:net:1122:18)
    at afterConnectMultiple (node:net:1689:7)
[2m12:33:46[22m [31m[1m[vite][22m[39m [31mws proxy error:[39m
AggregateError [ECONNREFUSED]: 
    at internalConnectMultiple (node:net:1122:18)
    at afterConnectMultiple (node:net:1689:7)
[2m12:33:46[22m [31m[1m[vite][22m[39m [31mws proxy error:[39m
AggregateError [ECONNREFUSED]: 
    at internalConnectMultiple (node:net:1122:18)
    at afterConnectMultiple (node:net:1689:7)
[2m12:33:46[22m [31m[1m[vite][22m[39m [31mws proxy error:[39m
AggregateError [ECONNREFUSED]: 
    at internalConnectMultiple (node:net:1122:18)
    at afterConnectMultiple (node:net:1689:7)
[2m12:33:46[22m [31m[1m[vite][22m[39m [31mws proxy error:[39m
AggregateError [ECONNREFUSED]: 
    at internalConnectMultiple (node:net:1122:18)
    at afterConnectMultiple (node:net:1689:7)
[2m12:33:46[22m [31m[1m[vite][22m[39m [31mws proxy error:[39m
AggregateError [ECONNREFUSED]: 
    at internalConnectMultiple (node:net:1122:18)
    at afterConnectMultiple (node:net:1689:7)
[2m12:33:46[22m [31m[1m[vite][22m[39m [31mws proxy error:[39m
AggregateError [ECONNREFUSED]: 
    at internalConnectMultiple (node:net:1122:18)
    at afterConnectMultiple (node:net:1689:7)
[2m12:33:47[22m [31m[1m[vite][22m[39m [31mws proxy error:[39m
AggregateError [ECONNREFUSED]: 
    at internalConnectMultiple (node:net:1122:18)
    at afterConnectMultiple (node:net:1689:7)
[2m12:33:47[22m [31m[1m[vite][22m[39m [31mws proxy error:[39m
AggregateError [ECONNREFUSED]: 
    at internalConnectMultiple (node:net:1122:18)
    at afterConnectMultiple (node:net:1689:7)
[2m12:33:47[22m [31m[1m[vite][22m[39m [31mws proxy error:[39m
AggregateError [ECONNREFUSED]: 
    at internalConnectMultiple (node:net:1122:18)
    at afterConnectMultiple (node:net:1689:7)
[2m12:33:47[22m [31m[1m[vite][22m[39m [31mws proxy error:[39m
AggregateError [ECONNREFUSED]: 
    at internalConnectMultiple (node:net:1122:18)
    at afterConnectMultiple (node:net:1689:7)
[2m12:33:47[22m [31m[1m[vite][22m[39m [31mws proxy error:[39m
AggregateError [ECONNREFUSED]: 
    at internalConnectMultiple (node:net:1122:18)
    at afterConnectMultiple (node:net:1689:7)
[2m12:33:47[22m [31m[1m[vite][22m[39m [31mws proxy error:[39m
AggregateError [ECONNREFUSED]: 
    at internalConnectMultiple (node:net:1122:18)
    at afterConnectMultiple (node:net:1689:7)
[2m12:33:47[22m [31m[1m[vite][22m[39m [31mws proxy error:[39m
AggregateError [ECONNREFUSED]: 
    at internalConnectMultiple (node:net:1122:18)
    at afterConnectMultiple (node:net:1689:7)
[2m12:33:48[22m [31m[1m[vite][22m[39m [31mws proxy error:[39m
AggregateError [ECONNREFUSED]: 
    at internalConnectMultiple (node:net:1122:18)
    at afterConnectMultiple (node:net:1689:7)
[2m12:33:48[22m [31m[1m[vite][22m[39m [31mws proxy error:[39m
AggregateError [ECONNREFUSED]: 
    at internalConnectMultiple (node:net:1122:18)
    at afterConnectMultiple (node:net:1689:7)
[2m12:33:48[22m [31m[1m[vite][22m[39m [31mws proxy error:[39m
AggregateError [ECONNREFUSED]: 
    at internalConnectMultiple (node:net:1122:18)
    at afterConnectMultiple (node:net:1689:7)
[2m12:33:48[22m [31m[1m[vite][22m[39m [31mws proxy error:[39m
AggregateError [ECONNREFUSED]: 
    at internalConnectMultiple (node:net:1122:18)
    at afterConnectMultiple (node:net:1689:7)
[2m12:33:48[22m [31m[1m[vite][22m[39m [31mws proxy error:[39m
AggregateError [ECONNREFUSED]: 
    at internalConnectMultiple (node:net:1122:18)
    at afterConnectMultiple (node:net:1689:7)
[2m12:33:48[22m [31m[1m[vite][22m[39m [31mws proxy error:[39m
AggregateError [ECONNREFUSED]: 
    at internalConnectMultiple (node:net:1122:18)
    at afterConnectMultiple (node:net:1689:7)
[2m12:33:48[22m [31m[1m[vite][22m[39m [31mws proxy error:[39m
AggregateError [ECONNREFUSED]: 
    at internalConnectMultiple (node:net:1122:18)
    at afterConnectMultiple (node:net:1689:7)
[2m12:33:48[22m [31m[1m[vite][22m[39m [31mws proxy error:[39m
AggregateError [ECONNREFUSED]: 
    at internalConnectMultiple (node:net:1122:18)
    at afterConnectMultiple (node:net:1689:7)
[2m12:33:49[22m [31m[1m[vite][22m[39m [31mws proxy error:[39m
AggregateError [ECONNREFUSED]: 
    at internalConnectMultiple (node:net:1122:18)
    at afterConnectMultiple (node:net:1689:7)
[2m12:33:49[22m [31m[1m[vite][22m[39m [31mws proxy error:[39m
AggregateError [ECONNREFUSED]: 
    at internalConnectMultiple (node:net:1122:18)
    at afterConnectMultiple (node:net:1689:7)
[2m12:33:49[22m [31m[1m[vite][22m[39m [31mws proxy error:[39m
AggregateError [ECONNREFUSED]: 
    at internalConnectMultiple (node:net:1122:18)
    at afterConnectMultiple (node:net:1689:7)
[2m12:33:49[22m [31m[1m[vite][22m[39m [31mws proxy error:[39m
AggregateError [ECONNREFUSED]: 
    at internalConnectMultiple (node:net:1122:18)
    at afterConnectMultiple (node:net:1689:7)
[2m12:33:49[22m [31m[1m[vite][22m[39m [31mws proxy error:[39m
AggregateError [ECONNREFUSED]: 
    at internalConnectMultiple (node:net:1122:18)
    at afterConnectMultiple (node:net:1689:7)
[2m12:33:49[22m [31m[1m[vite][22m[39m [31mws proxy error:[39m
AggregateError [ECONNREFUSED]: 
    at internalConnectMultiple (node:net:1122:18)
    at afterConnectMultiple (node:net:1689:7)
[2m12:33:49[22m [31m[1m[vite][22m[39m [31mws proxy error:[39m
AggregateError [ECONNREFUSED]: 
    at internalConnectMultiple (node:net:1122:18)
    at afterConnectMultiple (node:net:1689:7)
[2m12:33:49[22m [31m[1m[vite][22m[39m [31mws proxy error:[39m
AggregateError [ECONNREFUSED]: 
    at internalConnectMultiple (node:net:1122:18)
    at afterConnectMultiple (node:net:1689:7)
[2m12:33:49[22m [31m[1m[vite][22m[39m [31mws proxy error:[39m
AggregateError [ECONNREFUSED]: 
    at internalConnectMultiple (node:net:1122:18)
    at afterConnectMultiple (node:net:1689:7)
[2m12:33:49[22m [31m[1m[vite][22m[39m [31mws proxy error:[39m
AggregateError [ECONNREFUSED]: 
    at internalConnectMultiple (node:net:1122:18)
    at afterConnectMultiple (node:net:1689:7)
[2m12:33:49[22m [31m[1m[vite][22m[39m [31mws proxy error:[39m
AggregateError [ECONNREFUSED]: 
    at internalConnectMultiple (node:net:1122:18)
    at afterConnectMultiple (node:net:1689:7)
[2m12:33:49[22m [31m[1m[vite][22m[39m [31mws proxy error:[39m
AggregateError [ECONNREFUSED]: 
    at internalConnectMultiple (node:net:1122:18)
    at afterConnectMultiple (node:net:1689:7)
[2m12:33:49[22m [31m[1m[vite][22m[39m [31mws proxy error:[39m
AggregateError [ECONNREFUSED]: 
    at internalConnectMultiple (node:net:1122:18)
    at afterConnectMultiple (node:net:1689:7)
[2m12:33:49[22m [31m[1m[vite][22m[39m [31mws proxy error:[39m
AggregateError [ECONNREFUSED]: 
    at internalConnectMultiple (node:net:1122:18)
    at afterConnectMultiple (node:net:1689:7)
[2m12:33:50[22m [31m[1m[vite][22m[39m [31mws proxy error:[39m
AggregateError [ECONNREFUSED]: 
    at internalConnectMultiple (node:net:1122:18)
    at afterConnectMultiple (node:net:1689:7)
[2m12:33:50[22m [31m[1m[vite][22m[39m [31mws proxy error:[39m
AggregateError [ECONNREFUSED]: 
    at internalConnectMultiple (node:net:1122:18)
    at afterConnectMultiple (node:net:1689:7)
[2m12:33:50[22m [31m[1m[vite][22m[39m [31mws proxy error:[39m
AggregateError [ECONNREFUSED]: 
    at internalConnectMultiple (node:net:1122:18)
    at afterConnectMultiple (node:net:1689:7)
[2m12:33:50[22m [31m[1m[vite][22m[39m [31mws proxy error:[39m
AggregateError [ECONNREFUSED]: 
    at internalConnectMultiple (node:net:1122:18)
    at afterConnectMultiple (node:net:1689:7)
[2m12:33:50[22m [31m[1m[vite][22m[39m [31mws proxy error:[39m
AggregateError [ECONNREFUSED]: 
    at internalConnectMultiple (node:net:1122:18)
    at afterConnectMultiple (node:net:1689:7)
[2m12:33:50[22m [31m[1m[vite][22m[39m [31mws proxy error:[39m
AggregateError [ECONNREFUSED]: 
    at internalConnectMultiple (node:net:1122:18)
    at afterConnectMultiple (node:net:1689:7)
[2m12:33:50[22m [31m[1m[vite][22m[39m [31mws proxy error:[39m
AggregateError [ECONNREFUSED]: 
    at internalConnectMultiple (node:net:1122:18)
    at afterConnectMultiple (node:net:1689:7)
[2m12:33:50[22m [31m[1m[vite][22m[39m [31mws proxy error:[39m
AggregateError [ECONNREFUSED]: 
    at internalConnectMultiple (node:net:1122:18)
    at afterConnectMultiple (node:net:1689:7)
[2m12:33:50[22m [31m[1m[vite][22m[39m [31mws proxy error:[39m
AggregateError [ECONNREFUSED]: 
    at internalConnectMultiple (node:net:1122:18)
    at afterConnectMultiple (node:net:1689:7)
[2m12:33:50[22m [31m[1m[vite][22m[39m [31mws proxy error:[39m
AggregateError [ECONNREFUSED]: 
    at internalConnectMultiple (node:net:1122:18)
    at afterConnectMultiple (node:net:1689:7)
[2m12:33:51[22m [31m[1m[vite][22m[39m [31mws proxy error:[39m
AggregateError [ECONNREFUSED]: 
    at internalConnectMultiple (node:net:1122:18)
    at afterConnectMultiple (node:net:1689:7)
[2m12:33:51[22m [31m[1m[vite][22m[39m [31mws proxy error:[39m
AggregateError [ECONNREFUSED]: 
    at internalConnectMultiple (node:net:1122:18)
    at afterConnectMultiple (node:net:1689:7)
[2m12:33:51[22m [31m[1m[vite][22m[39m [31mws proxy error:[39m
AggregateError [ECONNREFUSED]: 
    at internalConnectMultiple (node:net:1122:18)
    at afterConnectMultiple (node:net:1689:7)
[2m12:33:51[22m [31m[1m[vite][22m[39m [31mws proxy error:[39m
AggregateError [ECONNREFUSED]: 
    at internalConnectMultiple (node:net:1122:18)
    at afterConnectMultiple (node:net:1689:7)
[2m12:33:51[22m [31m[1m[vite][22m[39m [31mws proxy error:[39m
AggregateError [ECONNREFUSED]: 
    at internalConnectMultiple (node:net:1122:18)
    at afterConnectMultiple (node:net:1689:7)
[2m12:33:51[22m [31m[1m[vite][22m[39m [31mws proxy error:[39m
AggregateError [ECONNREFUSED]: 
    at internalConnectMultiple (node:net:1122:18)
    at afterConnectMultiple (node:net:1689:7)
[2m12:33:51[22m [31m[1m[vite][22m[39m [31mws proxy error:[39m
AggregateError [ECONNREFUSED]: 
    at internalConnectMultiple (node:net:1122:18)
    at afterConnectMultiple (node:net:1689:7)
[2m12:33:51[22m [31m[1m[vite][22m[39m [31mws proxy error:[39m
AggregateError [ECONNREFUSED]: 
    at internalConnectMultiple (node:net:1122:18)
    at afterConnectMultiple (node:net:1689:7)
[2m12:33:51[22m [31m[1m[vite][22m[39m [31mws proxy error:[39m
AggregateError [ECONNREFUSED]: 
    at internalConnectMultiple (node:net:1122:18)
    at afterConnectMultiple (node:net:1689:7)
[2m12:33:52[22m [31m[1m[vite][22m[39m [31mws proxy error:[39m
AggregateError [ECONNREFUSED]: 
    at internalConnectMultiple (node:net:1122:18)
    at afterConnectMultiple (node:net:1689:7)
[2m12:33:52[22m [31m[1m[vite][22m[39m [31mws proxy error:[39m
AggregateError [ECONNREFUSED]: 
    at internalConnectMultiple (node:net:1122:18)
    at afterConnectMultiple (node:net:1689:7)
[2m12:33:52[22m [31m[1m[vite][22m[39m [31mws proxy error:[39m
AggregateError [ECONNREFUSED]: 
    at internalConnectMultiple (node:net:1122:18)
    at afterConnectMultiple (node:net:1689:7)
[2m12:33:52[22m [31m[1m[vite][22m[39m [31mws proxy error:[39m
AggregateError [ECONNREFUSED]: 
    at internalConnectMultiple (node:net:1122:18)
    at afterConnectMultiple (node:net:1689:7)
[2m12:33:52[22m [31m[1m[vite][22m[39m [31mws proxy error:[39m
AggregateError [ECONNREFUSED]: 
    at internalConnectMultiple (node:net:1122:18)
    at afterConnectMultiple (node:net:1689:7)
[2m12:33:52[22m [31m[1m[vite][22m[39m [31mws proxy error:[39m
AggregateError [ECONNREFUSED]: 
    at internalConnectMultiple (node:net:1122:18)
    at afterConnectMultiple (node:net:1689:7)
[2m12:33:52[22m [31m[1m[vite][22m[39m [31mws proxy error:[39m
AggregateError [ECONNREFUSED]: 
    at internalConnectMultiple (node:net:1122:18)
    at afterConnectMultiple (node:net:1689:7)
[2m12:33:52[22m [31m[1m[vite][22m[39m [31mws proxy error:[39m
AggregateError [ECONNREFUSED]: 
    at internalConnectMultiple (node:net:1122:18)
    at afterConnectMultiple (node:net:1689:7)
[2m12:33:52[22m [31m[1m[vite][22m[39m [31mws proxy error:[39m
AggregateError [ECONNREFUSED]: 
    at internalConnectMultiple (node:net:1122:18)
    at afterConnectMultiple (node:net:1689:7)
[2m12:33:52[22m [31m[1m[vite][22m[39m [31mws proxy error:[39m
AggregateError [ECONNREFUSED]: 
    at internalConnectMultiple (node:net:1122:18)
    at afterConnectMultiple (node:net:1689:7)
[2m12:33:53[22m [31m[1m[vite][22m[39m [31mws proxy error:[39m
AggregateError [ECONNREFUSED]: 
    at internalConnectMultiple (node:net:1122:18)
    at afterConnectMultiple (node:net:1689:7)
[2m12:33:53[22m [31m[1m[vite][22m[39m [31mws proxy error:[39m
AggregateError [ECONNREFUSED]: 
    at internalConnectMultiple (node:net:1122:18)
    at afterConnectMultiple (node:net:1689:7)
[2m12:33:53[22m [31m[1m[vite][22m[39m [31mws proxy error:[39m
AggregateError [ECONNREFUSED]: 
    at internalConnectMultiple (node:net:1122:18)
    at afterConnectMultiple (node:net:1689:7)
[2m12:33:53[22m [31m[1m[vite][22m[39m [31mws proxy error:[39m
AggregateError [ECONNREFUSED]: 
    at internalConnectMultiple (node:net:1122:18)
    at afterConnectMultiple (node:net:1689:7)
[2m12:33:53[22m [31m[1m[vite][22m[39m [31mws proxy error:[39m
AggregateError [ECONNREFUSED]: 
    at internalConnectMultiple (node:net:1122:18)
    at afterConnectMultiple (node:net:1689:7)
[2m12:33:53[22m [31m[1m[vite][22m[39m [31mws proxy error:[39m
AggregateError [ECONNREFUSED]: 
    at internalConnectMultiple (node:net:1122:18)
    at afterConnectMultiple (node:net:1689:7)
[2m12:33:53[22m [31m[1m[vite][22m[39m [31mws proxy error:[39m
AggregateError [ECONNREFUSED]: 
    at internalConnectMultiple (node:net:1122:18)
    at afterConnectMultiple (node:net:1689:7)
[2m12:33:53[22m [31m[1m[vite][22m[39m [31mws proxy error:[39m
AggregateError [ECONNREFUSED]: 
    at internalConnectMultiple (node:net:1122:18)
    at afterConnectMultiple (node:net:1689:7)
[2m12:33:54[22m [31m[1m[vite][22m[39m [31mws proxy error:[39m
AggregateError [ECONNREFUSED]: 
    at internalConnectMultiple (node:net:1122:18)
    at afterConnectMultiple (node:net:1689:7)
[2m12:33:54[22m [31m[1m[vite][22m[39m [31mws proxy error:[39m
AggregateError [ECONNREFUSED]: 
    at internalConnectMultiple (node:net:1122:18)
    at afterConnectMultiple (node:net:1689:7)
[2m12:33:54[22m [31m[1m[vite][22m[39m [31mws proxy error:[39m
AggregateError [ECONNREFUSED]: 
    at internalConnectMultiple (node:net:1122:18)
    at afterConnectMultiple (node:net:1689:7)
[2m12:33:54[22m [31m[1m[vite][22m[39m [31mws proxy error:[39m
AggregateError [ECONNREFUSED]: 
    at internalConnectMultiple (node:net:1122:18)
    at afterConnectMultiple (node:net:1689:7)
[2m12:33:54[22m [31m[1m[vite][22m[39m [31mws proxy error:[39m
AggregateError [ECONNREFUSED]: 
    at internalConnectMultiple (node:net:1122:18)
    at afterConnectMultiple (node:net:1689:7)
[2m12:33:54[22m [31m[1m[vite][22m[39m [31mws proxy error:[39m
AggregateError [ECONNREFUSED]: 
    at internalConnectMultiple (node:net:1122:18)
    at afterConnectMultiple (node:net:1689:7)
[2m12:33:54[22m [31m[1m[vite][22m[39m [31mws proxy error:[39m
AggregateError [ECONNREFUSED]: 
    at internalConnectMultiple (node:net:1122:18)
    at afterConnectMultiple (node:net:1689:7)
[2m12:33:54[22m [31m[1m[vite][22m[39m [31mws proxy error:[39m
AggregateError [ECONNREFUSED]: 
    at internalConnectMultiple (node:net:1122:18)
    at afterConnectMultiple (node:net:1689:7)
[2m12:33:54[22m [31m[1m[vite][22m[39m [31mws proxy error:[39m
AggregateError [ECONNREFUSED]: 
    at internalConnectMultiple (node:net:1122:18)
    at afterConnectMultiple (node:net:1689:7)
[2m12:33:54[22m [31m[1m[vite][22m[39m [31mws proxy error:[39m
AggregateError [ECONNREFUSED]: 
    at internalConnectMultiple (node:net:1122:18)
    at afterConnectMultiple (node:net:1689:7)
[2m12:33:55[22m [31m[1m[vite][22m[39m [31mws proxy error:[39m
AggregateError [ECONNREFUSED]: 
    at internalConnectMultiple (node:net:1122:18)
    at afterConnectMultiple (node:net:1689:7)
[2m12:33:55[22m [31m[1m[vite][22m[39m [31mws proxy error:[39m
AggregateError [ECONNREFUSED]: 
    at internalConnectMultiple (node:net:1122:18)
    at afterConnectMultiple (node:net:1689:7)
[2m12:33:55[22m [31m[1m[vite][22m[39m [31mws proxy error:[39m
AggregateError [ECONNREFUSED]: 
    at internalConnectMultiple (node:net:1122:18)
    at afterConnectMultiple (node:net:1689:7)
[2m12:33:55[22m [31m[1m[vite][22m[39m [31mws proxy error:[39m
AggregateError [ECONNREFUSED]: 
    at internalConnectMultiple (node:net:1122:18)
    at afterConnectMultiple (node:net:1689:7)
[2m12:33:55[22m [31m[1m[vite][22m[39m [31mws proxy error:[39m
AggregateError [ECONNREFUSED]: 
    at internalConnectMultiple (node:net:1122:18)
    at afterConnectMultiple (node:net:1689:7)
[2m12:33:55[22m [31m[1m[vite][22m[39m [31mws proxy error:[39m
AggregateError [ECONNREFUSED]: 
    at internalConnectMultiple (node:net:1122:18)
    at afterConnectMultiple (node:net:1689:7)
[2m12:33:55[22m [31m[1m[vite][22m[39m [31mws proxy error:[39m
AggregateError [ECONNREFUSED]: 
    at internalConnectMultiple (node:net:1122:18)
    at afterConnectMultiple (node:net:1689:7)
[2m12:33:55[22m [31m[1m[vite][22m[39m [31mws proxy error:[39m
AggregateError [ECONNREFUSED]: 
    at internalConnectMultiple (node:net:1122:18)
    at afterConnectMultiple (node:net:1689:7)
[2m12:33:55[22m [31m[1m[vite][22m[39m [31mws proxy error:[39m
AggregateError [ECONNREFUSED]: 
    at internalConnectMultiple (node:net:1122:18)
    at afterConnectMultiple (node:net:1689:7)
[2m12:33:55[22m [31m[1m[vite][22m[39m [31mws proxy error:[39m
AggregateError [ECONNREFUSED]: 
    at internalConnectMultiple (node:net:1122:18)
    at afterConnectMultiple (node:net:1689:7)
[2m12:33:55[22m [31m[1m[vite][22m[39m [31mws proxy error:[39m
AggregateError [ECONNREFUSED]: 
    at internalConnectMultiple (node:net:1122:18)
    at afterConnectMultiple (node:net:1689:7)
[2m12:33:55[22m [31m[1m[vite][22m[39m [31mws proxy error:[39m
AggregateError [ECONNREFUSED]: 
    at internalConnectMultiple (node:net:1122:18)
    at afterConnectMultiple (node:net:1689:7)
[2m12:33:55[22m [31m[1m[vite][22m[39m [31mws proxy error:[39m
AggregateError [ECONNREFUSED]: 
    at internalConnectMultiple (node:net:1122:18)
    at afterConnectMultiple (node:net:1689:7)
[2m12:33:55[22m [31m[1m[vite][22m[39m [31mws proxy error:[39m
AggregateError [ECONNREFUSED]: 
    at internalConnectMultiple (node:net:1122:18)
    at afterConnectMultiple (node:net:1689:7)
[2m12:33:55[22m [31m[1m[vite][22m[39m [31mws proxy error:[39m
AggregateError [ECONNREFUSED]: 
    at internalConnectMultiple (node:net:1122:18)
    at afterConnectMultiple (node:net:1689:7)
[2m12:33:55[22m [31m[1m[vite][22m[39m [31mws proxy error:[39m
AggregateError [ECONNREFUSED]: 
    at internalConnectMultiple (node:net:1122:18)
    at afterConnectMultiple (node:net:1689:7)
[2m12:33:55[22m [31m[1m[vite][22m[39m [31mws proxy error:[39m
AggregateError [ECONNREFUSED]: 
    at internalConnectMultiple (node:net:1122:18)
    at afterConnectMultiple (node:net:1689:7)
[2m12:33:55[22m [31m[1m[vite][22m[39m [31mws proxy error:[39m
AggregateError [ECONNREFUSED]: 
    at internalConnectMultiple (node:net:1122:18)
    at afterConnectMultiple (node:net:1689:7)
[2m12:33:55[22m [31m[1m[vite][22m[39m [31mws proxy error:[39m
AggregateError [ECONNREFUSED]: 
    at internalConnectMultiple (node:net:1122:18)
    at afterConnectMultiple (node:net:1689:7)
[2m12:33:55[22m [31m[1m[vite][22m[39m [31mws proxy error:[39m
AggregateError [ECONNREFUSED]: 
    at internalConnectMultiple (node:net:1122:18)
    at afterConnectMultiple (node:net:1689:7)
[2m12:33:56[22m [31m[1m[vite][22m[39m [31mws proxy error:[39m
AggregateError [ECONNREFUSED]: 
    at internalConnectMultiple (node:net:1122:18)
    at afterConnectMultiple (node:net:1689:7)
[2m12:33:56[22m [31m[1m[vite][22m[39m [31mws proxy error:[39m
AggregateError [ECONNREFUSED]: 
    at internalConnectMultiple (node:net:1122:18)
    at afterConnectMultiple (node:net:1689:7)
[2m12:33:56[22m [31m[1m[vite][22m[39m [31mws proxy error:[39m
AggregateError [ECONNREFUSED]: 
    at internalConnectMultiple (node:net:1122:18)
    at afterConnectMultiple (node:net:1689:7)
[2m12:33:56[22m [31m[1m[vite][22m[39m [31mws proxy error:[39m
AggregateError [ECONNREFUSED]: 
    at internalConnectMultiple (node:net:1122:18)
    at afterConnectMultiple (node:net:1689:7)
[2m12:33:56[22m [31m[1m[vite][22m[39m [31mws proxy error:[39m
AggregateError [ECONNREFUSED]: 
    at internalConnectMultiple (node:net:1122:18)
    at afterConnectMultiple (node:net:1689:7)
[2m12:33:56[22m [31m[1m[vite][22m[39m [31mws proxy error:[39m
AggregateError [ECONNREFUSED]: 
    at internalConnectMultiple (node:net:1122:18)
    at afterConnectMultiple (node:net:1689:7)
[2m12:33:56[22m [31m[1m[vite][22m[39m [31mws proxy error:[39m
AggregateError [ECONNREFUSED]: 
    at internalConnectMultiple (node:net:1122:18)
    at afterConnectMultiple (node:net:1689:7)
[2m12:33:56[22m [31m[1m[vite][22m[39m [31mws proxy error:[39m
AggregateError [ECONNREFUSED]: 
    at internalConnectMultiple (node:net:1122:18)
    at afterConnectMultiple (node:net:1689:7)
[2m12:33:56[22m [31m[1m[vite][22m[39m [31mws proxy error:[39m
AggregateError [ECONNREFUSED]: 
    at internalConnectMultiple (node:net:1122:18)
    at afterConnectMultiple (node:net:1689:7)
[2m12:33:56[22m [31m[1m[vite][22m[39m [31mws proxy error:[39m
AggregateError [ECONNREFUSED]: 
    at internalConnectMultiple (node:net:1122:18)
    at afterConnectMultiple (node:net:1689:7)
[2m12:33:56[22m [31m[1m[vite][22m[39m [31mws proxy error:[39m
AggregateError [ECONNREFUSED]: 
    at internalConnectMultiple (node:net:1122:18)
    at afterConnectMultiple (node:net:1689:7)
[2m12:33:56[22m [31m[1m[vite][22m[39m [31mws proxy error:[39m
AggregateError [ECONNREFUSED]: 
    at internalConnectMultiple (node:net:1122:18)
    at afterConnectMultiple (node:net:1689:7)
[2m12:33:57[22m [31m[1m[vite][22m[39m [31mws proxy error:[39m
AggregateError [ECONNREFUSED]: 
    at internalConnectMultiple (node:net:1122:18)
    at afterConnectMultiple (node:net:1689:7)
[2m12:33:57[22m [31m[1m[vite][22m[39m [31mhttp proxy error: /api/anomalies/count[39m
AggregateError [ECONNREFUSED]: 
    at internalConnectMultiple (node:net:1122:18)
    at afterConnectMultiple (node:net:1689:7)
[2m12:33:57[22m [31m[1m[vite][22m[39m [31mhttp proxy error: /api/alarms?limit=50[39m
AggregateError [ECONNREFUSED]: 
    at internalConnectMultiple (node:net:1122:18)
    at afterConnectMultiple (node:net:1689:7)
[2m12:33:57[22m [31m[1m[vite][22m[39m [31mhttp proxy error: /api/anomalies/count[39m
AggregateError [ECONNREFUSED]: 
    at internalConnectMultiple (node:net:1122:18)
    at afterConnectMultiple (node:net:1689:7)
[2m12:33:57[22m [31m[1m[vite][22m[39m [31mhttp proxy error: /api/alarms?limit=50[39m
AggregateError [ECONNREFUSED]: 
    at internalConnectMultiple (node:net:1122:18)
    at afterConnectMultiple (node:net:1689:7)
[2m12:33:58[22m [31m[1m[vite][22m[39m [31mhttp proxy error: /api/anomalies/count[39m
AggregateError [ECONNREFUSED]: 
    at internalConnectMultiple (node:net:1122:18)
    at afterConnectMultiple (node:net:1689:7)
[2m12:33:58[22m [31m[1m[vite][22m[39m [31mws proxy error:[39m
AggregateError [ECONNREFUSED]: 
    at internalConnectMultiple (node:net:1122:18)
    at afterConnectMultiple (node:net:1689:7)
[2m12:33:58[22m [31m[1m[vite][22m[39m [31mws proxy error:[39m
AggregateError [ECONNREFUSED]: 
    at internalConnectMultiple (node:net:1122:18)
    at afterConnectMultiple (node:net:1689:7)
[2m12:33:59[22m [31m[1m[vite][22m[39m [31mws proxy error:[39m
AggregateError [ECONNREFUSED]: 
    at internalConnectMultiple (node:net:1122:18)
    at afterConnectMultiple (node:net:1689:7)
[2m12:33:59[22m [31m[1m[vite][22m[39m [31mws proxy error:[39m
AggregateError [ECONNREFUSED]: 
    at internalConnectMultiple (node:net:1122:18)
    at afterConnectMultiple (node:net:1689:7)
[2m12:34:00[22m [31m[1m[vite][22m[39m [31mws proxy error:[39m
AggregateError [ECONNREFUSED]: 
    at internalConnectMultiple (node:net:1122:18)
    at afterConnectMultiple (node:net:1689:7)
[2m12:34:00[22m [31m[1m[vite][22m[39m [31mws proxy error:[39m
AggregateError [ECONNREFUSED]: 
    at internalConnectMultiple (node:net:1122:18)
    at afterConnectMultiple (node:net:1689:7)
[2m12:34:01[22m [31m[1m[vite][22m[39m [31mhttp proxy error: /api/anomalies/count[39m
AggregateError [ECONNREFUSED]: 
    at internalConnectMultiple (node:net:1122:18)
    at afterConnectMultiple (node:net:1689:7)
[2m12:34:01[22m [31m[1m[vite][22m[39m [31mhttp proxy error: /api/alarms?limit=50[39m
AggregateError [ECONNREFUSED]: 
    at internalConnectMultiple (node:net:1122:18)
    at afterConnectMultiple (node:net:1689:7)
[2m12:34:01[22m [31m[1m[vite][22m[39m [31mhttp proxy error: /api/anomalies/count[39m
AggregateError [ECONNREFUSED]: 
    at internalConnectMultiple (node:net:1122:18)
    at afterConnectMultiple (node:net:1689:7)
[2m12:34:01[22m [31m[1m[vite][22m[39m [31mhttp proxy error: /api/alarms?limit=50[39m
AggregateError [ECONNREFUSED]: 
    at internalConnectMultiple (node:net:1122:18)
    at afterConnectMultiple (node:net:1689:7)
[2m12:34:01[22m [31m[1m[vite][22m[39m [31mws proxy error:[39m
AggregateError [ECONNREFUSED]: 
    at internalConnectMultiple (node:net:1122:18)
    at afterConnectMultiple (node:net:1689:7)
[2m12:34:02[22m [31m[1m[vite][22m[39m [31mws proxy error:[39m
AggregateError [ECONNREFUSED]: 
    at internalConnectMultiple (node:net:1122:18)
    at afterConnectMultiple (node:net:1689:7)
[2m12:34:03[22m [31m[1m[vite][22m[39m [31mws proxy error:[39m
AggregateError [ECONNREFUSED]: 
    at internalConnectMultiple (node:net:1122:18)
    at afterConnectMultiple (node:net:1689:7)
[2m12:34:03[22m [31m[1m[vite][22m[39m [31mws proxy error:[39m
AggregateError [ECONNREFUSED]: 
    at internalConnectMultiple (node:net:1122:18)
    at afterConnectMultiple (node:net:1689:7)
[2m12:34:04[22m [31m[1m[vite][22m[39m [31mws proxy error:[39m
AggregateError [ECONNREFUSED]: 
    at internalConnectMultiple (node:net:1122:18)
    at afterConnectMultiple (node:net:1689:7)
[2m12:34:04[22m [31m[1m[vite][22m[39m [31mws proxy error:[39m
AggregateError [ECONNREFUSED]: 
    at internalConnectMultiple (node:net:1122:18)
    at afterConnectMultiple (node:net:1689:7)
[2m12:34:05[22m [31m[1m[vite][22m[39m [31mws proxy error:[39m
AggregateError [ECONNREFUSED]: 
    at internalConnectMultiple (node:net:1122:18)
    at afterConnectMultiple (node:net:1689:7)
[2m12:34:07[22m [31m[1m[vite][22m[39m [31mws proxy error:[39m
AggregateError [ECONNREFUSED]: 
    at internalConnectMultiple (node:net:1122:18)
    at afterConnectMultiple (node:net:1689:7)
[2m12:34:07[22m [31m[1m[vite][22m[39m [31mws proxy error:[39m
AggregateError [ECONNREFUSED]: 
    at internalConnectMultiple (node:net:1122:18)
    at afterConnectMultiple (node:net:1689:7)
[2m12:34:08[22m [31m[1m[vite][22m[39m [31mws proxy error:[39m
AggregateError [ECONNREFUSED]: 
    at internalConnectMultiple (node:net:1122:18)
    at afterConnectMultiple (node:net:1689:7)
[2m12:34:09[22m [31m[1m[vite][22m[39m [31mws proxy error:[39m
AggregateError [ECONNREFUSED]: 
    at internalConnectMultiple (node:net:1122:18)
    at afterConnectMultiple (node:net:1689:7)
[2m12:34:10[22m [31m[1m[vite][22m[39m [31mws proxy error:[39m
AggregateError [ECONNREFUSED]: 
    at internalConnectMultiple (node:net:1122:18)
    at afterConnectMultiple (node:net:1689:7)
[2m12:34:10[22m [31m[1m[vite][22m[39m [31mws proxy error:[39m
AggregateError [ECONNREFUSED]: 
    at internalConnectMultiple (node:net:1122:18)
    at afterConnectMultiple (node:net:1689:7)
[2m12:34:11[22m [31m[1m[vite][22m[39m [31mws proxy error:[39m
AggregateError [ECONNREFUSED]: 
    at internalConnectMultiple (node:net:1122:18)
    at afterConnectMultiple (node:net:1689:7)
[2m12:34:11[22m [31m[1m[vite][22m[39m [31mws proxy error:[39m
AggregateError [ECONNREFUSED]: 
    at internalConnectMultiple (node:net:1122:18)
    at afterConnectMultiple (node:net:1689:7)
[2m12:36:00[22m [31m[1m[vite][22m[39m [31mws proxy socket error:[39m
Error: write ECONNABORTED
    at afterWriteDispatched (node:internal/stream_base_commons:161:15)
    at writeGeneric (node:internal/stream_base_commons:152:3)
    at Socket._writeGeneric (node:net:958:11)
    at Socket._write (node:net:970:8)
    at writeOrBuffer (node:internal/streams/writable:572:12)
    at _write (node:internal/streams/writable:501:10)
    at Writable.write (node:internal/streams/writable:510:10)
    at Socket.ondata (node:internal/streams/readable:1009:22)
    at Socket.emit (node:events:524:28)
    at addChunk (node:internal/streams/readable:561:12)
    at readableAddChunkPushByteMode (node:internal/streams/readable:512:3)
    at Readable.push (node:internal/streams/readable:392:5)
    at TCP.onStreamRead (node:internal/stream_base_commons:191:23)
[2m12:38:01[22m [31m[1m[vite][22m[39m [31mws proxy socket error:[39m
Error: write ECONNABORTED
    at afterWriteDispatched (node:internal/stream_base_commons:161:15)
    at writeGeneric (node:internal/stream_base_commons:152:3)
    at Socket._writeGeneric (node:net:958:11)
    at Socket._write (node:net:970:8)
    at writeOrBuffer (node:internal/streams/writable:572:12)
    at _write (node:internal/streams/writable:501:10)
    at Writable.write (node:internal/streams/writable:510:10)
    at Socket.ondata (node:internal/streams/readable:1009:22)
    at Socket.emit (node:events:524:28)
    at addChunk (node:internal/streams/readable:561:12)
    at readableAddChunkPushByteMode (node:internal/streams/readable:512:3)
    at Readable.push (node:internal/streams/readable:392:5)
    at TCP.onStreamRead (node:internal/stream_base_commons:191:23)
[2m12:38:15[22m [31m[1m[vite][22m[39m [31mws proxy socket error:[39m
Error: write ECONNABORTED
    at afterWriteDispatched (node:internal/stream_base_commons:161:15)
    at writeGeneric (node:internal/stream_base_commons:152:3)
    at Socket._writeGeneric (node:net:958:11)
    at Socket._write (node:net:970:8)
    at writeOrBuffer (node:internal/streams/writable:572:12)
    at _write (node:internal/streams/writable:501:10)
    at Writable.write (node:internal/streams/writable:510:10)
    at Socket.ondata (node:internal/streams/readable:1009:22)
    at Socket.emit (node:events:524:28)
    at addChunk (node:internal/streams/readable:561:12)
    at readableAddChunkPushByteMode (node:internal/streams/readable:512:3)
    at Readable.push (node:internal/streams/readable:392:5)
    at TCP.onStreamRead (node:internal/stream_base_commons:191:23)
[2m12:38:27[22m [31m[1m[vite][22m[39m [31mws proxy socket error:[39m
Error: write ECONNABORTED
    at afterWriteDispatched (node:internal/stream_base_commons:161:15)
    at writeGeneric (node:internal/stream_base_commons:152:3)
    at Socket._writeGeneric (node:net:958:11)
    at Socket._write (node:net:970:8)
    at writeOrBuffer (node:internal/streams/writable:572:12)
    at _write (node:internal/streams/writable:501:10)
    at Writable.write (node:internal/streams/writable:510:10)
    at Socket.ondata (node:internal/streams/readable:1009:22)
    at Socket.emit (node:events:524:28)
    at addChunk (node:internal/streams/readable:561:12)
    at readableAddChunkPushByteMode (node:internal/streams/readable:512:3)
    at Readable.push (node:internal/streams/readable:392:5)
    at TCP.onStreamRead (node:internal/stream_base_commons:191:23)
[2m12:40:42[22m [31m[1m[vite][22m[39m [31mws proxy socket error:[39m
Error: write ECONNABORTED
    at afterWriteDispatched (node:internal/stream_base_commons:161:15)
    at writeGeneric (node:internal/stream_base_commons:152:3)
    at Socket._writeGeneric (node:net:958:11)
    at Socket._write (node:net:970:8)
    at writeOrBuffer (node:internal/streams/writable:572:12)
    at _write (node:internal/streams/writable:501:10)
    at Writable.write (node:internal/streams/writable:510:10)
    at Socket.ondata (node:internal/streams/readable:1009:22)
    at Socket.emit (node:events:524:28)
    at addChunk (node:internal/streams/readable:561:12)
    at readableAddChunkPushByteMode (node:internal/streams/readable:512:3)
    at Readable.push (node:internal/streams/readable:392:5)
    at TCP.onStreamRead (node:internal/stream_base_commons:191:23)
[2m12:41:30[22m [31m[1m[vite][22m[39m [31mws proxy socket error:[39m
Error: write ECONNABORTED
    at afterWriteDispatched (node:internal/stream_base_commons:161:15)
    at writeGeneric (node:internal/stream_base_commons:152:3)
    at Socket._writeGeneric (node:net:958:11)
    at Socket._write (node:net:970:8)
    at writeOrBuffer (node:internal/streams/writable:572:12)
    at _write (node:internal/streams/writable:501:10)
    at Writable.write (node:internal/streams/writable:510:10)
    at Socket.ondata (node:internal/streams/readable:1009:22)
    at Socket.emit (node:events:524:28)
    at addChunk (node:internal/streams/readable:561:12)
    at readableAddChunkPushByteMode (node:internal/streams/readable:512:3)
    at Readable.push (node:internal/streams/readable:392:5)
    at TCP.onStreamRead (node:internal/stream_base_commons:191:23)
[2m12:51:10[22m [31m[1m[vite][22m[39m [31mws proxy socket error:[39m
Error: write ECONNABORTED
    at afterWriteDispatched (node:internal/stream_base_commons:161:15)
    at writeGeneric (node:internal/stream_base_commons:152:3)
    at Socket._writeGeneric (node:net:958:11)
    at Socket._write (node:net:970:8)
    at writeOrBuffer (node:internal/streams/writable:572:12)
    at _write (node:internal/streams/writable:501:10)
    at Writable.write (node:internal/streams/writable:510:10)
    at Socket.ondata (node:internal/streams/readable:1009:22)
    at Socket.emit (node:events:524:28)
    at addChunk (node:internal/streams/readable:561:12)
    at readableAddChunkPushByteMode (node:internal/streams/readable:512:3)
    at Readable.push (node:internal/streams/readable:392:5)
    at TCP.onStreamRead (node:internal/stream_base_commons:191:23)
[2m12:51:13[22m [31m[1m[vite][22m[39m [31mws proxy socket error:[39m
Error: write ECONNABORTED
    at afterWriteDispatched (node:internal/stream_base_commons:161:15)
    at writeGeneric (node:internal/stream_base_commons:152:3)
    at Socket._writeGeneric (node:net:958:11)
    at Socket._write (node:net:970:8)
    at writeOrBuffer (node:internal/streams/writable:572:12)
    at _write (node:internal/streams/writable:501:10)
    at Writable.write (node:internal/streams/writable:510:10)
    at Socket.ondata (node:internal/streams/readable:1009:22)
    at Socket.emit (node:events:524:28)
    at addChunk (node:internal/streams/readable:561:12)
    at readableAddChunkPushByteMode (node:internal/streams/readable:512:3)
    at Readable.push (node:internal/streams/readable:392:5)
    at TCP.onStreamRead (node:internal/stream_base_commons:191:23)
[2m12:51:18[22m [31m[1m[vite][22m[39m [31mws proxy socket error:[39m
Error: write ECONNABORTED
    at afterWriteDispatched (node:internal/stream_base_commons:161:15)
    at writeGeneric (node:internal/stream_base_commons:152:3)
    at Socket._writeGeneric (node:net:958:11)
    at Socket._write (node:net:970:8)
    at writeOrBuffer (node:internal/streams/writable:572:12)
    at _write (node:internal/streams/writable:501:10)
    at Writable.write (node:internal/streams/writable:510:10)
    at Socket.ondata (node:internal/streams/readable:1009:22)
    at Socket.emit (node:events:524:28)
    at addChunk (node:internal/streams/readable:561:12)
    at readableAddChunkPushByteMode (node:internal/streams/readable:512:3)
    at Readable.push (node:internal/streams/readable:392:5)
    at TCP.onStreamRead (node:internal/stream_base_commons:191:23)
[2m12:51:18[22m [31m[1m[vite][22m[39m [31mws proxy socket error:[39m
Error: write ECONNABORTED
    at afterWriteDispatched (node:internal/stream_base_commons:161:15)
    at writeGeneric (node:internal/stream_base_commons:152:3)
    at Socket._writeGeneric (node:net:958:11)
    at Socket._write (node:net:970:8)
    at writeOrBuffer (node:internal/streams/writable:572:12)
    at _write (node:internal/streams/writable:501:10)
    at Writable.write (node:internal/streams/writable:510:10)
    at Socket.ondata (node:internal/streams/readable:1009:22)
    at Socket.emit (node:events:524:28)
    at addChunk (node:internal/streams/readable:561:12)
    at readableAddChunkPushByteMode (node:internal/streams/readable:512:3)
    at Readable.push (node:internal/streams/readable:392:5)
    at TCP.onStreamRead (node:internal/stream_base_commons:191:23)
[2m12:51:18[22m [31m[1m[vite][22m[39m [31mws proxy socket error:[39m
Error: write ECONNABORTED
    at afterWriteDispatched (node:internal/stream_base_commons:161:15)
    at writeGeneric (node:internal/stream_base_commons:152:3)
    at Socket._writeGeneric (node:net:958:11)
    at Socket._write (node:net:970:8)
    at writeOrBuffer (node:internal/streams/writable:572:12)
    at _write (node:internal/streams/writable:501:10)
    at Writable.write (node:internal/streams/writable:510:10)
    at Socket.ondata (node:internal/streams/readable:1009:22)
    at Socket.emit (node:events:524:28)
    at addChunk (node:internal/streams/readable:561:12)
    at readableAddChunkPushByteMode (node:internal/streams/readable:512:3)
    at Readable.push (node:internal/streams/readable:392:5)
    at TCP.onStreamRead (node:internal/stream_base_commons:191:23)
[2m12:51:18[22m [31m[1m[vite][22m[39m [31mws proxy socket error:[39m
Error: write ECONNABORTED
    at afterWriteDispatched (node:internal/stream_base_commons:161:15)
    at writeGeneric (node:internal/stream_base_commons:152:3)
    at Socket._writeGeneric (node:net:958:11)
    at Socket._write (node:net:970:8)
    at writeOrBuffer (node:internal/streams/writable:572:12)
    at _write (node:internal/streams/writable:501:10)
    at Writable.write (node:internal/streams/writable:510:10)
    at Socket.ondata (node:internal/streams/readable:1009:22)
    at Socket.emit (node:events:524:28)
    at addChunk (node:internal/streams/readable:561:12)
    at readableAddChunkPushByteMode (node:internal/streams/readable:512:3)
    at Readable.push (node:internal/streams/readable:392:5)
    at TCP.onStreamRead (node:internal/stream_base_commons:191:23)
[2m12:51:18[22m [31m[1m[vite][22m[39m [31mws proxy socket error:[39m
Error: write ECONNABORTED
    at afterWriteDispatched (node:internal/stream_base_commons:161:15)
    at writeGeneric (node:internal/stream_base_commons:152:3)
    at Socket._writeGeneric (node:net:958:11)
    at Socket._write (node:net:970:8)
    at writeOrBuffer (node:internal/streams/writable:572:12)
    at _write (node:internal/streams/writable:501:10)
    at Writable.write (node:internal/streams/writable:510:10)
    at Socket.ondata (node:internal/streams/readable:1009:22)
    at Socket.emit (node:events:524:28)
    at addChunk (node:internal/streams/readable:561:12)
    at readableAddChunkPushByteMode (node:internal/streams/readable:512:3)
    at Readable.push (node:internal/streams/readable:392:5)
    at TCP.onStreamRead (node:internal/stream_base_commons:191:23)
[2m12:51:18[22m [31m[1m[vite][22m[39m [31mws proxy socket error:[39m
Error: write ECONNABORTED
    at afterWriteDispatched (node:internal/stream_base_commons:161:15)
    at writeGeneric (node:internal/stream_base_commons:152:3)
    at Socket._writeGeneric (node:net:958:11)
    at Socket._write (node:net:970:8)
    at writeOrBuffer (node:internal/streams/writable:572:12)
    at _write (node:internal/streams/writable:501:10)
    at Writable.write (node:internal/streams/writable:510:10)
    at Socket.ondata (node:internal/streams/readable:1009:22)
    at Socket.emit (node:events:524:28)
    at addChunk (node:internal/streams/readable:561:12)
    at readableAddChunkPushByteMode (node:internal/streams/readable:512:3)
    at Readable.push (node:internal/streams/readable:392:5)
    at TCP.onStreamRead (node:internal/stream_base_commons:191:23)
[2m12:51:18[22m [31m[1m[vite][22m[39m [31mws proxy socket error:[39m
Error: write ECONNABORTED
    at afterWriteDispatched (node:internal/stream_base_commons:161:15)
    at writeGeneric (node:internal/stream_base_commons:152:3)
    at Socket._writeGeneric (node:net:958:11)
    at Socket._write (node:net:970:8)
    at writeOrBuffer (node:internal/streams/writable:572:12)
    at _write (node:internal/streams/writable:501:10)
    at Writable.write (node:internal/streams/writable:510:10)
    at Socket.ondata (node:internal/streams/readable:1009:22)
    at Socket.emit (node:events:524:28)
    at addChunk (node:internal/streams/readable:561:12)
    at readableAddChunkPushByteMode (node:internal/streams/readable:512:3)
    at Readable.push (node:internal/streams/readable:392:5)
    at TCP.onStreamRead (node:internal/stream_base_commons:191:23)
[2m12:51:18[22m [31m[1m[vite][22m[39m [31mws proxy socket error:[39m
Error: write ECONNABORTED
    at afterWriteDispatched (node:internal/stream_base_commons:161:15)
    at writeGeneric (node:internal/stream_base_commons:152:3)
    at Socket._writeGeneric (node:net:958:11)
    at Socket._write (node:net:970:8)
    at writeOrBuffer (node:internal/streams/writable:572:12)
    at _write (node:internal/streams/writable:501:10)
    at Writable.write (node:internal/streams/writable:510:10)
    at Socket.ondata (node:internal/streams/readable:1009:22)
    at Socket.emit (node:events:524:28)
    at addChunk (node:internal/streams/readable:561:12)
    at readableAddChunkPushByteMode (node:internal/streams/readable:512:3)
    at Readable.push (node:internal/streams/readable:392:5)
    at TCP.onStreamRead (node:internal/stream_base_commons:191:23)
[2m12:51:18[22m [31m[1m[vite][22m[39m [31mws proxy socket error:[39m
Error: write ECONNABORTED
    at afterWriteDispatched (node:internal/stream_base_commons:161:15)
    at writeGeneric (node:internal/stream_base_commons:152:3)
    at Socket._writeGeneric (node:net:958:11)
    at Socket._write (node:net:970:8)
    at writeOrBuffer (node:internal/streams/writable:572:12)
    at _write (node:internal/streams/writable:501:10)
    at Writable.write (node:internal/streams/writable:510:10)
    at Socket.ondata (node:internal/streams/readable:1009:22)
    at Socket.emit (node:events:524:28)
    at addChunk (node:internal/streams/readable:561:12)
    at readableAddChunkPushByteMode (node:internal/streams/readable:512:3)
    at Readable.push (node:internal/streams/readable:392:5)
    at TCP.onStreamRead (node:internal/stream_base_commons:191:23)
[2m12:51:18[22m [31m[1m[vite][22m[39m [31mws proxy socket error:[39m
Error: write ECONNABORTED
    at afterWriteDispatched (node:internal/stream_base_commons:161:15)
    at writeGeneric (node:internal/stream_base_commons:152:3)
    at Socket._writeGeneric (node:net:958:11)
    at Socket._write (node:net:970:8)
    at writeOrBuffer (node:internal/streams/writable:572:12)
    at _write (node:internal/streams/writable:501:10)
    at Writable.write (node:internal/streams/writable:510:10)
    at Socket.ondata (node:internal/streams/readable:1009:22)
    at Socket.emit (node:events:524:28)
    at addChunk (node:internal/streams/readable:561:12)
    at readableAddChunkPushByteMode (node:internal/streams/readable:512:3)
    at Readable.push (node:internal/streams/readable:392:5)
    at TCP.onStreamRead (node:internal/stream_base_commons:191:23)
[2m12:51:18[22m [31m[1m[vite][22m[39m [31mws proxy socket error:[39m
Error: write ECONNABORTED
    at afterWriteDispatched (node:internal/stream_base_commons:161:15)
    at writeGeneric (node:internal/stream_base_commons:152:3)
    at Socket._writeGeneric (node:net:958:11)
    at Socket._write (node:net:970:8)
    at writeOrBuffer (node:internal/streams/writable:572:12)
    at _write (node:internal/streams/writable:501:10)
    at Writable.write (node:internal/streams/writable:510:10)
    at Socket.ondata (node:internal/streams/readable:1009:22)
    at Socket.emit (node:events:524:28)
    at addChunk (node:internal/streams/readable:561:12)
    at readableAddChunkPushByteMode (node:internal/streams/readable:512:3)
    at Readable.push (node:internal/streams/readable:392:5)
    at TCP.onStreamRead (node:internal/stream_base_commons:191:23)
[2m12:51:18[22m [31m[1m[vite][22m[39m [31mws proxy socket error:[39m
Error: write ECONNABORTED
    at afterWriteDispatched (node:internal/stream_base_commons:161:15)
    at writeGeneric (node:internal/stream_base_commons:152:3)
    at Socket._writeGeneric (node:net:958:11)
    at Socket._write (node:net:970:8)
    at writeOrBuffer (node:internal/streams/writable:572:12)
    at _write (node:internal/streams/writable:501:10)
    at Writable.write (node:internal/streams/writable:510:10)
    at Socket.ondata (node:internal/streams/readable:1009:22)
    at Socket.emit (node:events:524:28)
    at addChunk (node:internal/streams/readable:561:12)
    at readableAddChunkPushByteMode (node:internal/streams/readable:512:3)
    at Readable.push (node:internal/streams/readable:392:5)
    at TCP.onStreamRead (node:internal/stream_base_commons:191:23)
[2m12:51:18[22m [31m[1m[vite][22m[39m [31mws proxy socket error:[39m
Error: write ECONNABORTED
    at afterWriteDispatched (node:internal/stream_base_commons:161:15)
    at writeGeneric (node:internal/stream_base_commons:152:3)
    at Socket._writeGeneric (node:net:958:11)
    at Socket._write (node:net:970:8)
    at writeOrBuffer (node:internal/streams/writable:572:12)
    at _write (node:internal/streams/writable:501:10)
    at Writable.write (node:internal/streams/writable:510:10)
    at Socket.ondata (node:internal/streams/readable:1009:22)
    at Socket.emit (node:events:524:28)
    at addChunk (node:internal/streams/readable:561:12)
    at readableAddChunkPushByteMode (node:internal/streams/readable:512:3)
    at Readable.push (node:internal/streams/readable:392:5)
    at TCP.onStreamRead (node:internal/stream_base_commons:191:23)
[2m12:51:18[22m [31m[1m[vite][22m[39m [31mws proxy socket error:[39m
Error: write ECONNABORTED
    at afterWriteDispatched (node:internal/stream_base_commons:161:15)
    at writeGeneric (node:internal/stream_base_commons:152:3)
    at Socket._writeGeneric (node:net:958:11)
    at Socket._write (node:net:970:8)
    at writeOrBuffer (node:internal/streams/writable:572:12)
    at _write (node:internal/streams/writable:501:10)
    at Writable.write (node:internal/streams/writable:510:10)
    at Socket.ondata (node:internal/streams/readable:1009:22)
    at Socket.emit (node:events:524:28)
    at addChunk (node:internal/streams/readable:561:12)
    at readableAddChunkPushByteMode (node:internal/streams/readable:512:3)
    at Readable.push (node:internal/streams/readable:392:5)
    at TCP.onStreamRead (node:internal/stream_base_commons:191:23)
[2m12:51:18[22m [31m[1m[vite][22m[39m [31mws proxy socket error:[39m
Error: write ECONNABORTED
    at afterWriteDispatched (node:internal/stream_base_commons:161:15)
    at writeGeneric (node:internal/stream_base_commons:152:3)
    at Socket._writeGeneric (node:net:958:11)
    at Socket._write (node:net:970:8)
    at writeOrBuffer (node:internal/streams/writable:572:12)
    at _write (node:internal/streams/writable:501:10)
    at Writable.write (node:internal/streams/writable:510:10)
    at Socket.ondata (node:internal/streams/readable:1009:22)
    at Socket.emit (node:events:524:28)
    at addChunk (node:internal/streams/readable:561:12)
    at readableAddChunkPushByteMode (node:internal/streams/readable:512:3)
    at Readable.push (node:internal/streams/readable:392:5)
    at TCP.onStreamRead (node:internal/stream_base_commons:191:23)
[2m12:51:18[22m [31m[1m[vite][22m[39m [31mws proxy socket error:[39m
Error: write ECONNABORTED
    at afterWriteDispatched (node:internal/stream_base_commons:161:15)
    at writeGeneric (node:internal/stream_base_commons:152:3)
    at Socket._writeGeneric (node:net:958:11)
    at Socket._write (node:net:970:8)
    at writeOrBuffer (node:internal/streams/writable:572:12)
    at _write (node:internal/streams/writable:501:10)
    at Writable.write (node:internal/streams/writable:510:10)
    at Socket.ondata (node:internal/streams/readable:1009:22)
    at Socket.emit (node:events:524:28)
    at addChunk (node:internal/streams/readable:561:12)
    at readableAddChunkPushByteMode (node:internal/streams/readable:512:3)
    at Readable.push (node:internal/streams/readable:392:5)
    at TCP.onStreamRead (node:internal/stream_base_commons:191:23)
[2m12:51:18[22m [31m[1m[vite][22m[39m [31mws proxy socket error:[39m
Error: write ECONNABORTED
    at afterWriteDispatched (node:internal/stream_base_commons:161:15)
    at writeGeneric (node:internal/stream_base_commons:152:3)
    at Socket._writeGeneric (node:net:958:11)
    at Socket._write (node:net:970:8)
    at writeOrBuffer (node:internal/streams/writable:572:12)
    at _write (node:internal/streams/writable:501:10)
    at Writable.write (node:internal/streams/writable:510:10)
    at Socket.ondata (node:internal/streams/readable:1009:22)
    at Socket.emit (node:events:524:28)
    at addChunk (node:internal/streams/readable:561:12)
    at readableAddChunkPushByteMode (node:internal/streams/readable:512:3)
    at Readable.push (node:internal/streams/readable:392:5)
    at TCP.onStreamRead (node:internal/stream_base_commons:191:23)
[2m12:51:18[22m [31m[1m[vite][22m[39m [31mws proxy socket error:[39m
Error: write ECONNABORTED
    at afterWriteDispatched (node:internal/stream_base_commons:161:15)
    at writeGeneric (node:internal/stream_base_commons:152:3)
    at Socket._writeGeneric (node:net:958:11)
    at Socket._write (node:net:970:8)
    at writeOrBuffer (node:internal/streams/writable:572:12)
    at _write (node:internal/streams/writable:501:10)
    at Writable.write (node:internal/streams/writable:510:10)
    at Socket.ondata (node:internal/streams/readable:1009:22)
    at Socket.emit (node:events:524:28)
    at addChunk (node:internal/streams/readable:561:12)
    at readableAddChunkPushByteMode (node:internal/streams/readable:512:3)
    at Readable.push (node:internal/streams/readable:392:5)
    at TCP.onStreamRead (node:internal/stream_base_commons:191:23)
[2m12:51:18[22m [31m[1m[vite][22m[39m [31mws proxy socket error:[39m
Error: write ECONNABORTED
    at afterWriteDispatched (node:internal/stream_base_commons:161:15)
    at writeGeneric (node:internal/stream_base_commons:152:3)
    at Socket._writeGeneric (node:net:958:11)
    at Socket._write (node:net:970:8)
    at writeOrBuffer (node:internal/streams/writable:572:12)
    at _write (node:internal/streams/writable:501:10)
    at Writable.write (node:internal/streams/writable:510:10)
    at Socket.ondata (node:internal/streams/readable:1009:22)
    at Socket.emit (node:events:524:28)
    at addChunk (node:internal/streams/readable:561:12)
    at readableAddChunkPushByteMode (node:internal/streams/readable:512:3)
    at Readable.push (node:internal/streams/readable:392:5)
    at TCP.onStreamRead (node:internal/stream_base_commons:191:23)
[2m12:51:18[22m [31m[1m[vite][22m[39m [31mws proxy socket error:[39m
Error: write ECONNABORTED
    at afterWriteDispatched (node:internal/stream_base_commons:161:15)
    at writeGeneric (node:internal/stream_base_commons:152:3)
    at Socket._writeGeneric (node:net:958:11)
    at Socket._write (node:net:970:8)
    at writeOrBuffer (node:internal/streams/writable:572:12)
    at _write (node:internal/streams/writable:501:10)
    at Writable.write (node:internal/streams/writable:510:10)
    at Socket.ondata (node:internal/streams/readable:1009:22)
    at Socket.emit (node:events:524:28)
    at addChunk (node:internal/streams/readable:561:12)
    at readableAddChunkPushByteMode (node:internal/streams/readable:512:3)
    at Readable.push (node:internal/streams/readable:392:5)
    at TCP.onStreamRead (node:internal/stream_base_commons:191:23)
[2m12:51:18[22m [31m[1m[vite][22m[39m [31mws proxy socket error:[39m
Error: write ECONNABORTED
    at afterWriteDispatched (node:internal/stream_base_commons:161:15)
    at writeGeneric (node:internal/stream_base_commons:152:3)
    at Socket._writeGeneric (node:net:958:11)
    at Socket._write (node:net:970:8)
    at writeOrBuffer (node:internal/streams/writable:572:12)
    at _write (node:internal/streams/writable:501:10)
    at Writable.write (node:internal/streams/writable:510:10)
    at Socket.ondata (node:internal/streams/readable:1009:22)
    at Socket.emit (node:events:524:28)
    at addChunk (node:internal/streams/readable:561:12)
    at readableAddChunkPushByteMode (node:internal/streams/readable:512:3)
    at Readable.push (node:internal/streams/readable:392:5)
    at TCP.onStreamRead (node:internal/stream_base_commons:191:23)
[2m12:51:18[22m [31m[1m[vite][22m[39m [31mws proxy socket error:[39m
Error: write ECONNABORTED
    at afterWriteDispatched (node:internal/stream_base_commons:161:15)
    at writeGeneric (node:internal/stream_base_commons:152:3)
    at Socket._writeGeneric (node:net:958:11)
    at Socket._write (node:net:970:8)
    at writeOrBuffer (node:internal/streams/writable:572:12)
    at _write (node:internal/streams/writable:501:10)
    at Writable.write (node:internal/streams/writable:510:10)
    at Socket.ondata (node:internal/streams/readable:1009:22)
    at Socket.emit (node:events:524:28)
    at addChunk (node:internal/streams/readable:561:12)
    at readableAddChunkPushByteMode (node:internal/streams/readable:512:3)
    at Readable.push (node:internal/streams/readable:392:5)
    at TCP.onStreamRead (node:internal/stream_base_commons:191:23)
[2m12:51:18[22m [31m[1m[vite][22m[39m [31mws proxy socket error:[39m
Error: write ECONNABORTED
    at afterWriteDispatched (node:internal/stream_base_commons:161:15)
    at writeGeneric (node:internal/stream_base_commons:152:3)
    at Socket._writeGeneric (node:net:958:11)
    at Socket._write (node:net:970:8)
    at writeOrBuffer (node:internal/streams/writable:572:12)
    at _write (node:internal/streams/writable:501:10)
    at Writable.write (node:internal/streams/writable:510:10)
    at Socket.ondata (node:internal/streams/readable:1009:22)
    at Socket.emit (node:events:524:28)
    at addChunk (node:internal/streams/readable:561:12)
    at readableAddChunkPushByteMode (node:internal/streams/readable:512:3)
    at Readable.push (node:internal/streams/readable:392:5)
    at TCP.onStreamRead (node:internal/stream_base_commons:191:23)
[2m12:51:18[22m [31m[1m[vite][22m[39m [31mws proxy socket error:[39m
Error: write ECONNABORTED
    at afterWriteDispatched (node:internal/stream_base_commons:161:15)
    at writeGeneric (node:internal/stream_base_commons:152:3)
    at Socket._writeGeneric (node:net:958:11)
    at Socket._write (node:net:970:8)
    at writeOrBuffer (node:internal/streams/writable:572:12)
    at _write (node:internal/streams/writable:501:10)
    at Writable.write (node:internal/streams/writable:510:10)
    at Socket.ondata (node:internal/streams/readable:1009:22)
    at Socket.emit (node:events:524:28)
    at addChunk (node:internal/streams/readable:561:12)
    at readableAddChunkPushByteMode (node:internal/streams/readable:512:3)
    at Readable.push (node:internal/streams/readable:392:5)
    at TCP.onStreamRead (node:internal/stream_base_commons:191:23)
[2m12:51:18[22m [31m[1m[vite][22m[39m [31mws proxy socket error:[39m
Error: write ECONNABORTED
    at afterWriteDispatched (node:internal/stream_base_commons:161:15)
    at writeGeneric (node:internal/stream_base_commons:152:3)
    at Socket._writeGeneric (node:net:958:11)
    at Socket._write (node:net:970:8)
    at writeOrBuffer (node:internal/streams/writable:572:12)
    at _write (node:internal/streams/writable:501:10)
    at Writable.write (node:internal/streams/writable:510:10)
    at Socket.ondata (node:internal/streams/readable:1009:22)
    at Socket.emit (node:events:524:28)
    at addChunk (node:internal/streams/readable:561:12)
    at readableAddChunkPushByteMode (node:internal/streams/readable:512:3)
    at Readable.push (node:internal/streams/readable:392:5)
    at TCP.onStreamRead (node:internal/stream_base_commons:191:23)
[2m12:51:18[22m [31m[1m[vite][22m[39m [31mws proxy socket error:[39m
Error: write ECONNABORTED
    at afterWriteDispatched (node:internal/stream_base_commons:161:15)
    at writeGeneric (node:internal/stream_base_commons:152:3)
    at Socket._writeGeneric (node:net:958:11)
    at Socket._write (node:net:970:8)
    at writeOrBuffer (node:internal/streams/writable:572:12)
    at _write (node:internal/streams/writable:501:10)
    at Writable.write (node:internal/streams/writable:510:10)
    at Socket.ondata (node:internal/streams/readable:1009:22)
    at Socket.emit (node:events:524:28)
    at addChunk (node:internal/streams/readable:561:12)
    at readableAddChunkPushByteMode (node:internal/streams/readable:512:3)
    at Readable.push (node:internal/streams/readable:392:5)
    at TCP.onStreamRead (node:internal/stream_base_commons:191:23)
[2m12:51:18[22m [31m[1m[vite][22m[39m [31mws proxy socket error:[39m
Error: write ECONNABORTED
    at afterWriteDispatched (node:internal/stream_base_commons:161:15)
    at writeGeneric (node:internal/stream_base_commons:152:3)
    at Socket._writeGeneric (node:net:958:11)
    at Socket._write (node:net:970:8)
    at writeOrBuffer (node:internal/streams/writable:572:12)
    at _write (node:internal/streams/writable:501:10)
    at Writable.write (node:internal/streams/writable:510:10)
    at Socket.ondata (node:internal/streams/readable:1009:22)
    at Socket.emit (node:events:524:28)
    at addChunk (node:internal/streams/readable:561:12)
    at readableAddChunkPushByteMode (node:internal/streams/readable:512:3)
    at Readable.push (node:internal/streams/readable:392:5)
    at TCP.onStreamRead (node:internal/stream_base_commons:191:23)
[2m12:51:18[22m [31m[1m[vite][22m[39m [31mws proxy socket error:[39m
Error: write ECONNABORTED
    at afterWriteDispatched (node:internal/stream_base_commons:161:15)
    at writeGeneric (node:internal/stream_base_commons:152:3)
    at Socket._writeGeneric (node:net:958:11)
    at Socket._write (node:net:970:8)
    at writeOrBuffer (node:internal/streams/writable:572:12)
    at _write (node:internal/streams/writable:501:10)
    at Writable.write (node:internal/streams/writable:510:10)
    at Socket.ondata (node:internal/streams/readable:1009:22)
    at Socket.emit (node:events:524:28)
    at addChunk (node:internal/streams/readable:561:12)
    at readableAddChunkPushByteMode (node:internal/streams/readable:512:3)
    at Readable.push (node:internal/streams/readable:392:5)
    at TCP.onStreamRead (node:internal/stream_base_commons:191:23)
[2m12:51:18[22m [31m[1m[vite][22m[39m [31mws proxy socket error:[39m
Error: write ECONNABORTED
    at afterWriteDispatched (node:internal/stream_base_commons:161:15)
    at writeGeneric (node:internal/stream_base_commons:152:3)
    at Socket._writeGeneric (node:net:958:11)
    at Socket._write (node:net:970:8)
    at writeOrBuffer (node:internal/streams/writable:572:12)
    at _write (node:internal/streams/writable:501:10)
    at Writable.write (node:internal/streams/writable:510:10)
    at Socket.ondata (node:internal/streams/readable:1009:22)
    at Socket.emit (node:events:524:28)
    at addChunk (node:internal/streams/readable:561:12)
    at readableAddChunkPushByteMode (node:internal/streams/readable:512:3)
    at Readable.push (node:internal/streams/readable:392:5)
    at TCP.onStreamRead (node:internal/stream_base_commons:191:23)
[2m12:51:18[22m [31m[1m[vite][22m[39m [31mws proxy socket error:[39m
Error: write ECONNABORTED
    at afterWriteDispatched (node:internal/stream_base_commons:161:15)
    at writeGeneric (node:internal/stream_base_commons:152:3)
    at Socket._writeGeneric (node:net:958:11)
    at Socket._write (node:net:970:8)
    at writeOrBuffer (node:internal/streams/writable:572:12)
    at _write (node:internal/streams/writable:501:10)
    at Writable.write (node:internal/streams/writable:510:10)
    at Socket.ondata (node:internal/streams/readable:1009:22)
    at Socket.emit (node:events:524:28)
    at addChunk (node:internal/streams/readable:561:12)
    at readableAddChunkPushByteMode (node:internal/streams/readable:512:3)
    at Readable.push (node:internal/streams/readable:392:5)
    at TCP.onStreamRead (node:internal/stream_base_commons:191:23)
[2m12:51:18[22m [31m[1m[vite][22m[39m [31mws proxy socket error:[39m
Error: write ECONNABORTED
    at afterWriteDispatched (node:internal/stream_base_commons:161:15)
    at writeGeneric (node:internal/stream_base_commons:152:3)
    at Socket._writeGeneric (node:net:958:11)
    at Socket._write (node:net:970:8)
    at writeOrBuffer (node:internal/streams/writable:572:12)
    at _write (node:internal/streams/writable:501:10)
    at Writable.write (node:internal/streams/writable:510:10)
    at Socket.ondata (node:internal/streams/readable:1009:22)
    at Socket.emit (node:events:524:28)
    at addChunk (node:internal/streams/readable:561:12)
    at readableAddChunkPushByteMode (node:internal/streams/readable:512:3)
    at Readable.push (node:internal/streams/readable:392:5)
    at TCP.onStreamRead (node:internal/stream_base_commons:191:23)
[2m12:51:27[22m [31m[1m[vite][22m[39m [31mws proxy socket error:[39m
Error: write ECONNABORTED
    at afterWriteDispatched (node:internal/stream_base_commons:161:15)
    at writeGeneric (node:internal/stream_base_commons:152:3)
    at Socket._writeGeneric (node:net:958:11)
    at Socket._write (node:net:970:8)
    at writeOrBuffer (node:internal/streams/writable:572:12)
    at _write (node:internal/streams/writable:501:10)
    at Writable.write (node:internal/streams/writable:510:10)
    at Socket.ondata (node:internal/streams/readable:1009:22)
    at Socket.emit (node:events:524:28)
    at addChunk (node:internal/streams/readable:561:12)
    at readableAddChunkPushByteMode (node:internal/streams/readable:512:3)
    at Readable.push (node:internal/streams/readable:392:5)
    at TCP.onStreamRead (node:internal/stream_base_commons:191:23)
[2m12:51:36[22m [31m[1m[vite][22m[39m [31mws proxy socket error:[39m
Error: write ECONNABORTED
    at afterWriteDispatched (node:internal/stream_base_commons:161:15)
    at writeGeneric (node:internal/stream_base_commons:152:3)
    at Socket._writeGeneric (node:net:958:11)
    at Socket._write (node:net:970:8)
    at writeOrBuffer (node:internal/streams/writable:572:12)
    at _write (node:internal/streams/writable:501:10)
    at Writable.write (node:internal/streams/writable:510:10)
    at Socket.ondata (node:internal/streams/readable:1009:22)
    at Socket.emit (node:events:524:28)
    at addChunk (node:internal/streams/readable:561:12)
    at readableAddChunkPushByteMode (node:internal/streams/readable:512:3)
    at Readable.push (node:internal/streams/readable:392:5)
    at TCP.onStreamRead (node:internal/stream_base_commons:191:23)
